"district","county","number_overweight","percent_overweight","number_obese","percent_obese","number_overweight_or_obese","percent_overweight_or_obese","grade_level","number_healthy_weight","percent_healthy_weight","sex","year","num_asian","num_black","num_hisp","num_am_ind","num_white","num_female","num_male","num_lep","num_multi","num_swd","num_ecdis"
10402,"ALBANY",28,11.4,28,11.4,56,22.8,"ELEMENTARY",181,0.736,"FEMALE",2019,14,74,152,1,1504,909,934,13,98,320,786
10402,"ALBANY",35,13.9,42,16.7,77,30.6,"ELEMENTARY",159,0.631,"MALE",2019,14,74,152,1,1504,909,934,13,98,320,786
10402,"ALBANY",21,23.6,17,19.1,38,42.7,"MIDDLE/HIGH",51,0.573,"FEMALE",2019,14,74,152,1,1504,909,934,13,98,320,786
10402,"ALBANY",9,9.9,28,30.8,37,40.7,"MIDDLE/HIGH",54,0.593,"MALE",2019,14,74,152,1,1504,909,934,13,98,320,786
10500,"ALBANY",16,20,22,27.5,38,47.5,"MIDDLE/HIGH",42,0.525,"MALE",2019,33,208,174,7,1429,1008,1007,25,164,338,1175
10500,"ALBANY",36,20,38,21.1,74,41.1,"ELEMENTARY",96,0.533,"FEMALE",2019,33,208,174,7,1429,1008,1007,25,164,338,1175
10500,"ALBANY",39,17.7,43,19.5,82,37.3,"ELEMENTARY",121,0.55,"MALE",2019,33,208,174,7,1429,1008,1007,25,164,338,1175
10500,"ALBANY",18,16.7,30,27.8,48,44.4,"MIDDLE/HIGH",60,0.556,"FEMALE",2019,33,208,174,7,1429,1008,1007,25,164,338,1175
10601,"ALBANY",70,13.8,97,19.1,167,32.9,"ELEMENTARY",321,0.633,"FEMALE",2019,498,395,425,6,3105,2401,2418,182,390,717,1708
10601,"ALBANY",81,16.5,83,16.9,164,33.5,"ELEMENTARY",317,0.647,"MALE",2019,498,395,425,6,3105,2401,2418,182,390,717,1708
10601,"ALBANY",60,19.1,63,20.1,123,39.2,"MIDDLE/HIGH",175,0.557,"FEMALE",2019,498,395,425,6,3105,2401,2418,182,390,717,1708
10601,"ALBANY",46,15.7,69,23.5,115,39.2,"MIDDLE/HIGH",169,0.577,"MALE",2019,498,395,425,6,3105,2401,2418,182,390,717,1708
10623,"ALBANY",89,16.7,68,12.8,157,29.5,"ELEMENTARY",353,0.662,"FEMALE",2019,1121,382,334,16,3703,2914,2973,313,331,792,1442
10623,"ALBANY",76,14.9,81,15.9,157,30.8,"ELEMENTARY",328,0.643,"MALE",2019,1121,382,334,16,3703,2914,2973,313,331,792,1442
10623,"ALBANY",90,21,39,9.1,129,30.1,"MIDDLE/HIGH",288,0.673,"FEMALE",2019,1121,382,334,16,3703,2914,2973,313,331,792,1442
10623,"ALBANY",79,16.7,80,16.9,159,33.5,"MIDDLE/HIGH",299,0.631,"MALE",2019,1121,382,334,16,3703,2914,2973,313,331,792,1442
10802,"ALBANY",85,17.4,70,14.3,155,31.7,"ELEMENTARY",316,0.646,"MALE",2019,701,201,187,7,3568,2390,2451,227,177,587,999
10802,"ALBANY",74,14.7,62,12.4,136,27.1,"ELEMENTARY",347,0.691,"FEMALE",2019,701,201,187,7,3568,2390,2451,227,177,587,999
10802,"ALBANY",69,21.7,32,10.1,101,31.8,"MIDDLE/HIGH",209,0.657,"FEMALE",2019,701,201,187,7,3568,2390,2451,227,177,587,999
10802,"ALBANY",56,17.3,56,17.3,112,34.6,"MIDDLE/HIGH",202,0.623,"MALE",2019,701,201,187,7,3568,2390,2451,227,177,587,999
22601,"ALLEGANY",19,15.4,17,13.8,36,29.3,"ELEMENTARY",79,0.642,"FEMALE",2019,6,15,21,4,1059,569,549,1,13,164,562
22601,"ALLEGANY",21,16.7,22,17.5,43,34.1,"ELEMENTARY",83,0.659,"MALE",2019,6,15,21,4,1059,569,549,1,13,164,562
22601,"ALLEGANY",22,25.3,23,26.4,45,51.7,"MIDDLE/HIGH",42,0.483,"FEMALE",2019,6,15,21,4,1059,569,549,1,13,164,562
22601,"ALLEGANY",14,16.7,24,28.6,38,45.2,"MIDDLE/HIGH",46,0.548,"MALE",2019,6,15,21,4,1059,569,549,1,13,164,562
30101,"BROOME",25,21.9,14,12.3,39,34.2,"ELEMENTARY",75,0.658,"FEMALE",2019,7,16,28,3,1301,648,756,2,49,158,564
30101,"BROOME",23,15.8,22,15.1,45,30.8,"ELEMENTARY",101,0.692,"MALE",2019,7,16,28,3,1301,648,756,2,49,158,564
30101,"BROOME",25,23.8,24,22.9,49,46.7,"MIDDLE/HIGH",56,0.533,"FEMALE",2019,7,16,28,3,1301,648,756,2,49,158,564
30101,"BROOME",13,11,34,28.8,47,39.8,"MIDDLE/HIGH",65,0.551,"MALE",2019,7,16,28,3,1301,648,756,2,49,158,564
30200,"BROOME",64,14,102,22.4,166,36.4,"ELEMENTARY",275,0.603,"FEMALE",2019,153,1491,778,9,2206,2562,2717,197,642,961,3843
30200,"BROOME",80,17.1,91,19.4,171,36.5,"ELEMENTARY",277,0.592,"MALE",2019,153,1491,778,9,2206,2562,2717,197,642,961,3843
30200,"BROOME",29,15.5,53,28.3,82,43.9,"MIDDLE/HIGH",105,0.561,"FEMALE",2019,153,1491,778,9,2206,2562,2717,197,642,961,3843
30200,"BROOME",26,13.3,62,31.6,88,44.9,"MIDDLE/HIGH",101,0.515,"MALE",2019,153,1491,778,9,2206,2562,2717,197,642,961,3843
30501,"BROOME",9,12.2,15,20.3,24,32.4,"ELEMENTARY",50,0.676,"FEMALE",2019,1,7,3,2,645,293,384,0,19,102,458
30501,"BROOME",15,14.9,22,21.8,37,36.6,"ELEMENTARY",64,0.634,"MALE",2019,1,7,3,2,645,293,384,0,19,102,458
30501,"BROOME",6,12.5,15,31.3,21,43.8,"MIDDLE/HIGH",27,0.563,"FEMALE",2019,1,7,3,2,645,293,384,0,19,102,458
30501,"BROOME",9,17.3,12,23.1,21,40.4,"MIDDLE/HIGH",31,0.596,"MALE",2019,1,7,3,2,645,293,384,0,19,102,458
30601,"BROOME",31,19.3,27,16.8,58,36,"ELEMENTARY",98,0.609,"MALE",2019,18,29,42,2,1256,656,739,4,48,181,695
30601,"BROOME",29,18.8,28,18.2,57,37,"ELEMENTARY",97,0.63,"FEMALE",2019,18,29,42,2,1256,656,739,4,48,181,695
30601,"BROOME",10,16.1,11,17.7,21,33.9,"MIDDLE/HIGH",41,0.661,"FEMALE",2019,18,29,42,2,1256,656,739,4,48,181,695
30601,"BROOME",20,18,24,21.6,44,39.6,"MIDDLE/HIGH",67,0.604,"MALE",2019,18,29,42,2,1256,656,739,4,48,181,695
30701,"BROOME",39,14.7,36,13.6,75,28.3,"ELEMENTARY",185,0.698,"FEMALE",2019,24,27,38,6,1536,850,872,8,91,244,728
30701,"BROOME",44,15.5,37,13,81,28.5,"ELEMENTARY",192,0.676,"MALE",2019,24,27,38,6,1536,850,872,8,91,244,728
30701,"BROOME",21,19.1,14,12.7,35,31.8,"MIDDLE/HIGH",75,0.682,"FEMALE",2019,24,27,38,6,1536,850,872,8,91,244,728
30701,"BROOME",24,19.8,32,26.4,56,46.3,"MIDDLE/HIGH",65,0.537,"MALE",2019,24,27,38,6,1536,850,872,8,91,244,728
40302,"CATTARAUGUS",15,14.2,21,19.8,36,34,"MIDDLE/HIGH",63,0.594,"MALE",2019,11,17,19,4,1062,554,602,2,43,131,485
40302,"CATTARAUGUS",20,12.7,32,20.4,52,33.1,"ELEMENTARY",105,0.669,"MALE",2019,11,17,19,4,1062,554,602,2,43,131,485
40302,"CATTARAUGUS",17,18.9,11,12.2,28,31.1,"MIDDLE/HIGH",62,0.689,"FEMALE",2019,11,17,19,4,1062,554,602,2,43,131,485
40302,"CATTARAUGUS",31,21.1,21,14.3,52,35.4,"ELEMENTARY",95,0.646,"FEMALE",2019,11,17,19,4,1062,554,602,2,43,131,485
40901,"CATTARAUGUS",12,16,10,13.3,22,29.3,"ELEMENTARY",53,0.707,"FEMALE",2019,5,2,11,11,549,294,306,0,22,65,214
40901,"CATTARAUGUS",11,11.8,19,20.4,30,32.3,"ELEMENTARY",63,0.677,"MALE",2019,5,2,11,11,549,294,306,0,22,65,214
40901,"CATTARAUGUS",13,29.5,9,20.5,22,50,"MIDDLE/HIGH",22,0.5,"FEMALE",2019,5,2,11,11,549,294,306,0,22,65,214
40901,"CATTARAUGUS",12,27.9,9,20.9,21,48.8,"MIDDLE/HIGH",22,0.512,"MALE",2019,5,2,11,11,549,294,306,0,22,65,214
41401,"CATTARAUGUS",14,28.6,11,22.4,25,51,"ELEMENTARY",24,0.49,"FEMALE",2019,4,4,7,1,369,222,182,0,19,49,231
41401,"CATTARAUGUS",8,20,6,15,14,35,"ELEMENTARY",26,0.65,"MALE",2019,4,4,7,1,369,222,182,0,19,49,231
42400,"CATTARAUGUS",40,16.5,29,12,69,28.5,"ELEMENTARY",168,0.694,"FEMALE",2019,53,77,66,11,1684,976,1076,7,161,339,1128
42400,"CATTARAUGUS",45,16.1,50,17.9,95,34.1,"ELEMENTARY",178,0.638,"MALE",2019,53,77,66,11,1684,976,1076,7,161,339,1128
42400,"CATTARAUGUS",26,20,38,29.2,64,49.2,"MIDDLE/HIGH",61,0.469,"FEMALE",2019,53,77,66,11,1684,976,1076,7,161,339,1128
42400,"CATTARAUGUS",23,16,36,25,59,41,"MIDDLE/HIGH",80,0.556,"MALE",2019,53,77,66,11,1684,976,1076,7,161,339,1128
43001,"CATTARAUGUS",12,13.6,14,15.9,26,29.5,"ELEMENTARY",62,0.705,"MALE",2019,2,5,18,43,805,452,451,0,30,133,466
43001,"CATTARAUGUS",18,22,15,18.3,33,40.2,"ELEMENTARY",49,0.598,"FEMALE",2019,2,5,18,43,805,452,451,0,30,133,466
43001,"CATTARAUGUS",12,16.2,21,28.4,33,44.6,"MIDDLE/HIGH",41,0.554,"FEMALE",2019,2,5,18,43,805,452,451,0,30,133,466
43001,"CATTARAUGUS",11,16.2,21,30.9,32,47.1,"MIDDLE/HIGH",36,0.529,"MALE",2019,2,5,18,43,805,452,451,0,30,133,466
43200,"CATTARAUGUS",24,23.3,12,11.7,36,35,"ELEMENTARY",67,0.65,"FEMALE",2019,2,8,78,429,642,624,652,3,117,156,844
43200,"CATTARAUGUS",29,22.8,16,12.6,45,35.4,"ELEMENTARY",82,0.646,"MALE",2019,2,8,78,429,642,624,652,3,117,156,844
43200,"CATTARAUGUS",10,22.7,13,29.5,23,52.3,"MIDDLE/HIGH",16,0.364,"FEMALE",2019,2,8,78,429,642,624,652,3,117,156,844
43200,"CATTARAUGUS",12,16.2,24,32.4,36,48.6,"MIDDLE/HIGH",29,0.392,"MALE",2019,2,8,78,429,642,624,652,3,117,156,844
50401,"CAYUGA",11,17.5,11,17.5,22,34.9,"MIDDLE/HIGH",41,0.651,"FEMALE",2019,4,7,19,6,848,440,482,5,38,105,416
50401,"CAYUGA",7,9.3,13,17.3,20,26.7,"ELEMENTARY",55,0.733,"FEMALE",2019,4,7,19,6,848,440,482,5,38,105,416
50401,"CAYUGA",7,8.2,17,20,24,28.2,"ELEMENTARY",61,0.718,"MALE",2019,4,7,19,6,848,440,482,5,38,105,416
50401,"CAYUGA",11,16.2,19,27.9,30,44.1,"MIDDLE/HIGH",38,0.559,"MALE",2019,4,7,19,6,848,440,482,5,38,105,416
51301,"CAYUGA",21,17.9,22,18.8,43,36.8,"ELEMENTARY",74,0.632,"FEMALE",2019,1,3,15,1,870,452,455,6,17,132,441
51301,"CAYUGA",20,18.2,29,26.4,49,44.5,"ELEMENTARY",56,0.509,"MALE",2019,1,3,15,1,870,452,455,6,17,132,441
51301,"CAYUGA",13,21.3,13,21.3,26,42.6,"MIDDLE/HIGH",35,0.574,"FEMALE",2019,1,3,15,1,870,452,455,6,17,132,441
51301,"CAYUGA",10,17.9,19,33.9,29,51.8,"MIDDLE/HIGH",27,0.482,"MALE",2019,1,3,15,1,870,452,455,6,17,132,441
60301,"CHAUTAUQUA",22,28.9,11,14.5,33,43.4,"ELEMENTARY",43,0.566,"FEMALE",2019,4,4,18,5,758,416,392,1,19,122,359
60301,"CHAUTAUQUA",12,17.6,8,11.8,20,29.4,"ELEMENTARY",48,0.706,"MALE",2019,4,4,18,5,758,416,392,1,19,122,359
60301,"CHAUTAUQUA",12,26.7,10,22.2,22,48.9,"MIDDLE/HIGH",23,0.511,"FEMALE",2019,4,4,18,5,758,416,392,1,19,122,359
60301,"CHAUTAUQUA",7,12.3,6,10.5,13,22.8,"MIDDLE/HIGH",44,0.772,"MALE",2019,4,4,18,5,758,416,392,1,19,122,359
60401,"CHAUTAUQUA",11,15.1,16,21.9,27,37,"MIDDLE/HIGH",46,0.63,"MALE",2019,6,8,18,1,797,407,444,2,21,122,499
60401,"CHAUTAUQUA",16,23.9,11,16.4,27,40.3,"MIDDLE/HIGH",40,0.597,"FEMALE",2019,6,8,18,1,797,407,444,2,21,122,499
60401,"CHAUTAUQUA",26,28,13,14,39,41.9,"ELEMENTARY",54,0.581,"FEMALE",2019,6,8,18,1,797,407,444,2,21,122,499
60401,"CHAUTAUQUA",23,21.7,17,16,40,37.7,"ELEMENTARY",66,0.623,"MALE",2019,6,8,18,1,797,407,444,2,21,122,499
60800,"CHAUTAUQUA",26,14.9,20,11.5,46,26.4,"ELEMENTARY",128,0.736,"FEMALE",2019,10,91,1192,6,781,1068,1093,341,81,265,1397
60800,"CHAUTAUQUA",20,10.9,27,14.8,47,25.7,"ELEMENTARY",136,0.743,"MALE",2019,10,91,1192,6,781,1068,1093,341,81,265,1397
60800,"CHAUTAUQUA",21,16.4,42,32.8,63,49.2,"MIDDLE/HIGH",65,0.508,"FEMALE",2019,10,91,1192,6,781,1068,1093,341,81,265,1397
60800,"CHAUTAUQUA",29,22.5,36,27.9,65,50.4,"MIDDLE/HIGH",64,0.496,"MALE",2019,10,91,1192,6,781,1068,1093,341,81,265,1397
61501,"CHAUTAUQUA",20,16.7,30,25,50,41.7,"ELEMENTARY",70,0.583,"FEMALE",2019,5,6,100,128,761,553,518,10,71,202,639
61501,"CHAUTAUQUA",13,12.7,33,32.4,46,45.1,"ELEMENTARY",56,0.549,"MALE",2019,5,6,100,128,761,553,518,10,71,202,639
61501,"CHAUTAUQUA",18,18.4,22,22.4,40,40.8,"MIDDLE/HIGH",58,0.592,"FEMALE",2019,5,6,100,128,761,553,518,10,71,202,639
61501,"CHAUTAUQUA",13,16.9,20,26,33,42.9,"MIDDLE/HIGH",44,0.571,"MALE",2019,5,6,100,128,761,553,518,10,71,202,639
62301,"CHAUTAUQUA",18,26.9,17,25.4,35,52.2,"ELEMENTARY",32,0.478,"FEMALE",2019,1,3,73,3,441,298,240,16,17,87,260
62301,"CHAUTAUQUA",14,20.6,13,19.1,27,39.7,"ELEMENTARY",41,0.603,"MALE",2019,1,3,73,3,441,298,240,16,17,87,260
62301,"CHAUTAUQUA",6,19.4,10,32.3,16,51.6,"MIDDLE/HIGH",15,0.484,"MALE",2019,1,3,73,3,441,298,240,16,17,87,260
62601,"CHAUTAUQUA",5,12.8,5,12.8,10,25.6,"ELEMENTARY",29,0.744,"FEMALE",2019,1,3,9,3,414,198,236,5,4,74,254
62601,"CHAUTAUQUA",7,15.2,7,15.2,14,30.4,"ELEMENTARY",32,0.696,"MALE",2019,1,3,9,3,414,198,236,5,4,74,254
62601,"CHAUTAUQUA",7,24.1,5,17.2,12,41.4,"MIDDLE/HIGH",17,0.586,"FEMALE",2019,1,3,9,3,414,198,236,5,4,74,254
62901,"CHAUTAUQUA",7,15.6,10,22.2,17,37.8,"MIDDLE/HIGH",28,0.622,"FEMALE",2019,5,11,43,4,609,341,333,5,2,135,396
62901,"CHAUTAUQUA",14,16.3,20,23.3,34,39.5,"ELEMENTARY",46,0.535,"FEMALE",2019,5,11,43,4,609,341,333,5,2,135,396
62901,"CHAUTAUQUA",16,16.8,20,21.1,36,37.9,"ELEMENTARY",59,0.621,"MALE",2019,5,11,43,4,609,341,333,5,2,135,396
62901,"CHAUTAUQUA",6,15,8,20,14,35,"MIDDLE/HIGH",26,0.65,"MALE",2019,5,11,43,4,609,341,333,5,2,135,396
70600,"CHEMUNG",140,21.9,154,24.1,294,45.9,"ELEMENTARY",333,0.52,"FEMALE",2019,22,777,203,7,4207,2859,3025,17,668,813,3374
70600,"CHEMUNG",143,20.6,141,20.3,284,41,"ELEMENTARY",389,0.561,"MALE",2019,22,777,203,7,4207,2859,3025,17,668,813,3374
70600,"CHEMUNG",98,22.7,99,23,197,45.7,"MIDDLE/HIGH",234,0.543,"FEMALE",2019,22,777,203,7,4207,2859,3025,17,668,813,3374
70600,"CHEMUNG",91,20.4,97,21.7,188,42.2,"MIDDLE/HIGH",251,0.563,"MALE",2019,22,777,203,7,4207,2859,3025,17,668,813,3374
80601,"CHENANGO",20,19,15,14.3,35,33.3,"ELEMENTARY",70,0.667,"FEMALE",2019,8,10,24,7,904,461,493,3,1,111,503
80601,"CHENANGO",11,11.2,21,21.4,32,32.7,"ELEMENTARY",66,0.673,"MALE",2019,8,10,24,7,904,461,493,3,1,111,503
80601,"CHENANGO",12,16.4,13,17.8,25,34.2,"MIDDLE/HIGH",48,0.658,"FEMALE",2019,8,10,24,7,904,461,493,3,1,111,503
80601,"CHENANGO",13,22,9,15.3,22,37.3,"MIDDLE/HIGH",37,0.627,"MALE",2019,8,10,24,7,904,461,493,3,1,111,503
81003,"CHENANGO",8,14.8,16,29.6,24,44.4,"MIDDLE/HIGH",30,0.556,"MALE",2019,3,6,9,7,760,408,387,0,10,155,425
81003,"CHENANGO",11,21.6,12,23.5,23,45.1,"MIDDLE/HIGH",28,0.549,"FEMALE",2019,3,6,9,7,760,408,387,0,10,155,425
81003,"CHENANGO",17,16.3,25,24,42,40.4,"ELEMENTARY",62,0.596,"FEMALE",2019,3,6,9,7,760,408,387,0,10,155,425
81003,"CHENANGO",10,12.7,13,16.5,23,29.1,"ELEMENTARY",56,0.709,"MALE",2019,3,6,9,7,760,408,387,0,10,155,425
81200,"CHENANGO",32,16,43,21.5,75,37.5,"ELEMENTARY",125,0.625,"FEMALE",2019,24,47,53,3,1605,869,895,12,32,265,1021
81200,"CHENANGO",34,17.1,40,20.1,74,37.2,"ELEMENTARY",119,0.598,"MALE",2019,24,47,53,3,1605,869,895,12,32,265,1021
81200,"CHENANGO",31,23.1,32,23.9,63,47,"MIDDLE/HIGH",71,0.53,"FEMALE",2019,24,47,53,3,1605,869,895,12,32,265,1021
81200,"CHENANGO",22,17.2,38,29.7,60,46.9,"MIDDLE/HIGH",68,0.531,"MALE",2019,24,47,53,3,1605,869,895,12,32,265,1021
90201,"CLINTON",23,17.6,23,17.6,46,35.1,"ELEMENTARY",85,0.649,"FEMALE",2019,1,30,4,1,1125,582,585,0,6,158,670
90201,"CLINTON",20,15.5,31,24,51,39.5,"ELEMENTARY",78,0.605,"MALE",2019,1,30,4,1,1125,582,585,0,6,158,670
90201,"CLINTON",13,18.3,22,31,35,49.3,"MIDDLE/HIGH",36,0.507,"FEMALE",2019,1,30,4,1,1125,582,585,0,6,158,670
90201,"CLINTON",9,11.5,22,28.2,31,39.7,"MIDDLE/HIGH",47,0.603,"MALE",2019,1,30,4,1,1125,582,585,0,6,158,670
90301,"CLINTON",37,15,53,21.5,90,36.6,"ELEMENTARY",156,0.634,"MALE",2019,15,29,52,8,1918,968,1055,7,1,368,870
90301,"CLINTON",36,16.2,38,17.1,74,33.3,"ELEMENTARY",148,0.667,"FEMALE",2019,15,29,52,8,1918,968,1055,7,1,368,870
90301,"CLINTON",24,18.8,36,28.1,60,46.9,"MIDDLE/HIGH",68,0.531,"FEMALE",2019,15,29,52,8,1918,968,1055,7,1,368,870
90301,"CLINTON",19,15.6,38,31.1,57,46.7,"MIDDLE/HIGH",65,0.533,"MALE",2019,15,29,52,8,1918,968,1055,7,1,368,870
91101,"CLINTON",36,16.4,54,24.7,90,41.1,"ELEMENTARY",122,0.557,"FEMALE",2019,21,20,18,7,1748,895,962,8,43,361,871
91101,"CLINTON",27,13.2,28,13.7,55,27,"ELEMENTARY",140,0.686,"MALE",2019,21,20,18,7,1748,895,962,8,43,361,871
91101,"CLINTON",34,23.4,41,28.3,75,51.7,"MIDDLE/HIGH",70,0.483,"FEMALE",2019,21,20,18,7,1748,895,962,8,43,361,871
91101,"CLINTON",17,11.3,34,22.5,51,33.8,"MIDDLE/HIGH",94,0.623,"MALE",2019,21,20,18,7,1748,895,962,8,43,361,871
100501,"COLUMBIA",20,23.3,17,19.8,37,43,"MIDDLE/HIGH",43,0.5,"FEMALE",2019,5,25,136,2,1004,612,633,33,73,147,438
100501,"COLUMBIA",20,17.1,20,17.1,40,34.2,"ELEMENTARY",77,0.658,"FEMALE",2019,5,25,136,2,1004,612,633,33,73,147,438
100501,"COLUMBIA",19,13.7,33,23.7,52,37.4,"ELEMENTARY",87,0.626,"MALE",2019,5,25,136,2,1004,612,633,33,73,147,438
100501,"COLUMBIA",17,21.3,21,26.3,38,47.5,"MIDDLE/HIGH",37,0.463,"MALE",2019,5,25,136,2,1004,612,633,33,73,147,438
101300,"COLUMBIA",40,17.7,48,21.2,88,38.9,"ELEMENTARY",129,0.571,"FEMALE",2019,224,329,271,2,663,831,832,139,174,266,1167
101300,"COLUMBIA",31,13.5,44,19.1,75,32.6,"ELEMENTARY",143,0.622,"MALE",2019,224,329,271,2,663,831,832,139,174,266,1167
101300,"COLUMBIA",16,13.4,17,14.3,33,27.7,"MIDDLE/HIGH",86,0.723,"FEMALE",2019,224,329,271,2,663,831,832,139,174,266,1167
101300,"COLUMBIA",10,12.7,14,17.7,24,30.4,"MIDDLE/HIGH",55,0.696,"MALE",2019,224,329,271,2,663,831,832,139,174,266,1167
131601,"DUTCHESS",86,13.5,90,14.1,176,27.6,"ELEMENTARY",447,0.702,"MALE",2019,282,587,1474,4,5269,3995,3968,196,347,1222,2255
131601,"DUTCHESS",91,15.1,76,12.6,167,27.7,"ELEMENTARY",421,0.698,"FEMALE",2019,282,587,1474,4,5269,3995,3968,196,347,1222,2255
131601,"DUTCHESS",98,17.1,79,13.8,177,30.8,"MIDDLE/HIGH",384,0.669,"FEMALE",2019,282,587,1474,4,5269,3995,3968,196,347,1222,2255
131601,"DUTCHESS",92,16.7,110,20,202,36.7,"MIDDLE/HIGH",328,0.596,"MALE",2019,282,587,1474,4,5269,3995,3968,196,347,1222,2255
131602,"DUTCHESS",19,15.3,16,12.9,35,28.2,"ELEMENTARY",89,0.718,"FEMALE",2019,176,167,200,1,841,697,751,23,63,183,340
131602,"DUTCHESS",27,17.3,22,14.1,49,31.4,"ELEMENTARY",102,0.654,"MALE",2019,176,167,200,1,841,697,751,23,63,183,340
131602,"DUTCHESS",24,25,18,18.8,42,43.8,"MIDDLE/HIGH",54,0.563,"FEMALE",2019,176,167,200,1,841,697,751,23,63,183,340
131602,"DUTCHESS",12,11.3,20,18.9,32,30.2,"MIDDLE/HIGH",74,0.698,"MALE",2019,176,167,200,1,841,697,751,23,63,183,340
131701,"DUTCHESS",20,14.4,19,13.7,39,28.1,"ELEMENTARY",95,0.683,"FEMALE",2019,44,38,188,6,1490,860,928,35,22,232,485
131701,"DUTCHESS",19,12.2,18,11.5,37,23.7,"ELEMENTARY",114,0.731,"MALE",2019,44,38,188,6,1490,860,928,35,22,232,485
131701,"DUTCHESS",22,20.8,16,15.1,38,35.8,"MIDDLE/HIGH",68,0.642,"FEMALE",2019,44,38,188,6,1490,860,928,35,22,232,485
131701,"DUTCHESS",21,16.5,19,15,40,31.5,"MIDDLE/HIGH",82,0.646,"MALE",2019,44,38,188,6,1490,860,928,35,22,232,485
131801,"DUTCHESS",14,21.9,15,23.4,29,45.3,"MIDDLE/HIGH",35,0.547,"FEMALE",2019,27,9,84,1,787,479,468,17,39,107,211
131801,"DUTCHESS",12,18.2,6,9.1,18,27.3,"ELEMENTARY",48,0.727,"FEMALE",2019,27,9,84,1,787,479,468,17,39,107,211
131801,"DUTCHESS",8,11.9,13,19.4,21,31.3,"ELEMENTARY",46,0.687,"MALE",2019,27,9,84,1,787,479,468,17,39,107,211
131801,"DUTCHESS",8,10.3,12,15.4,20,25.6,"MIDDLE/HIGH",53,0.679,"MALE",2019,27,9,84,1,787,479,468,17,39,107,211
140101,"ERIE",33,14,30,12.8,63,26.8,"ELEMENTARY",165,0.702,"FEMALE",2019,8,12,20,8,1565,826,807,5,20,192,499
140101,"ERIE",26,13.1,26,13.1,52,26.1,"ELEMENTARY",141,0.709,"MALE",2019,8,12,20,8,1565,826,807,5,20,192,499
140101,"ERIE",17,13,21,16,38,29,"MIDDLE/HIGH",93,0.71,"FEMALE",2019,8,12,20,8,1565,826,807,5,20,192,499
140101,"ERIE",20,19.2,27,26,47,45.2,"MIDDLE/HIGH",57,0.548,"MALE",2019,8,12,20,8,1565,826,807,5,20,192,499
140203,"ERIE",133,16.6,104,13,237,29.6,"MIDDLE/HIGH",541,0.675,"MALE",2019,1422,402,409,22,7406,4993,5121,388,453,1154,1688
140203,"ERIE",139,14.6,105,11,244,25.5,"ELEMENTARY",680,0.712,"FEMALE",2019,1422,402,409,22,7406,4993,5121,388,453,1154,1688
140203,"ERIE",132,13.5,108,11.1,240,24.6,"ELEMENTARY",710,0.728,"MALE",2019,1422,402,409,22,7406,4993,5121,388,453,1154,1688
140203,"ERIE",135,16.5,89,10.9,224,27.4,"MIDDLE/HIGH",574,0.702,"FEMALE",2019,1422,402,409,22,7406,4993,5121,388,453,1154,1688
140207,"ERIE",46,13,51,14.4,97,27.3,"ELEMENTARY",245,0.69,"FEMALE",2019,262,666,171,6,2115,1587,1797,135,164,338,1730
140207,"ERIE",66,15.9,60,14.5,126,30.4,"ELEMENTARY",272,0.657,"MALE",2019,262,666,171,6,2115,1587,1797,135,164,338,1730
140207,"ERIE",28,12.6,47,21.1,75,33.6,"MIDDLE/HIGH",148,0.664,"FEMALE",2019,262,666,171,6,2115,1587,1797,135,164,338,1730
140207,"ERIE",38,14.6,71,27.3,109,41.9,"MIDDLE/HIGH",146,0.562,"MALE",2019,262,666,171,6,2115,1587,1797,135,164,338,1730
140701,"ERIE",42,16.3,43,16.7,85,32.9,"ELEMENTARY",166,0.643,"FEMALE",2019,157,843,201,7,914,1105,1178,0,161,343,1508
140701,"ERIE",48,19.4,44,17.7,92,37.1,"ELEMENTARY",156,0.629,"MALE",2019,157,843,201,7,914,1105,1178,0,161,343,1508
140701,"ERIE",29,18.8,45,29.2,74,48.1,"MIDDLE/HIGH",80,0.519,"FEMALE",2019,157,843,201,7,914,1105,1178,0,161,343,1508
140701,"ERIE",21,12.1,46,26.4,67,38.5,"MIDDLE/HIGH",100,0.575,"MALE",2019,157,843,201,7,914,1105,1178,0,161,343,1508
141101,"ERIE",21,16.3,33,25.6,54,41.9,"MIDDLE/HIGH",75,0.581,"MALE",2019,10,6,37,13,1613,833,873,5,27,207,606
141101,"ERIE",32,16.5,16,8.2,48,24.7,"ELEMENTARY",146,0.753,"FEMALE",2019,10,6,37,13,1613,833,873,5,27,207,606
141101,"ERIE",34,17.3,33,16.8,67,34,"ELEMENTARY",125,0.635,"MALE",2019,10,6,37,13,1613,833,873,5,27,207,606
141101,"ERIE",18,14.2,27,21.3,45,35.4,"MIDDLE/HIGH",82,0.646,"FEMALE",2019,10,6,37,13,1613,833,873,5,27,207,606
141401,"ERIE",21,14.1,24,16.1,45,30.2,"ELEMENTARY",95,0.638,"MALE",2019,12,17,82,324,1736,1086,1156,1,71,436,1166
141401,"ERIE",27,18.1,12,8.1,39,26.2,"ELEMENTARY",103,0.691,"FEMALE",2019,12,17,82,324,1736,1086,1156,1,71,436,1166
141401,"ERIE",18,16.8,11,10.3,29,27.1,"MIDDLE/HIGH",78,0.729,"FEMALE",2019,12,17,82,324,1736,1086,1156,1,71,436,1166
141401,"ERIE",20,19.2,12,11.5,32,30.8,"MIDDLE/HIGH",72,0.692,"MALE",2019,12,17,82,324,1736,1086,1156,1,71,436,1166
141501,"ERIE",37,13.5,28,10.2,65,23.6,"ELEMENTARY",193,0.702,"FEMALE",2019,102,48,142,11,2466,1431,1481,46,143,364,711
141501,"ERIE",44,15.2,37,12.8,81,27.9,"ELEMENTARY",199,0.686,"MALE",2019,102,48,142,11,2466,1431,1481,46,143,364,711
141501,"ERIE",40,23.5,24,14.1,64,37.6,"MIDDLE/HIGH",106,0.624,"FEMALE",2019,102,48,142,11,2466,1431,1481,46,143,364,711
141501,"ERIE",27,13.5,41,20.5,68,34,"MIDDLE/HIGH",124,0.62,"MALE",2019,102,48,142,11,2466,1431,1481,46,143,364,711
141601,"ERIE",46,19,26,10.7,72,29.8,"ELEMENTARY",163,0.674,"FEMALE",2019,29,35,90,9,3225,1754,1721,8,87,566,855
141601,"ERIE",40,14.5,38,13.8,78,28.3,"ELEMENTARY",184,0.667,"MALE",2019,29,35,90,9,3225,1754,1721,8,87,566,855
141601,"ERIE",21,13.5,22,14.2,43,27.7,"MIDDLE/HIGH",107,0.69,"FEMALE",2019,29,35,90,9,3225,1754,1721,8,87,566,855
141601,"ERIE",15,11.3,15,11.3,30,22.6,"MIDDLE/HIGH",98,0.737,"MALE",2019,29,35,90,9,3225,1754,1721,8,87,566,855
141604,"ERIE",56,17.7,52,16.4,108,34.1,"MIDDLE/HIGH",209,0.659,"FEMALE",2019,58,52,250,13,4199,2330,2423,39,181,783,1471
141604,"ERIE",75,13.4,79,14.2,154,27.6,"ELEMENTARY",381,0.683,"FEMALE",2019,58,52,250,13,4199,2330,2423,39,181,783,1471
141604,"ERIE",74,13.8,62,11.5,136,25.3,"ELEMENTARY",385,0.717,"MALE",2019,58,52,250,13,4199,2330,2423,39,181,783,1471
141604,"ERIE",53,17.7,44,14.7,97,32.3,"MIDDLE/HIGH",191,0.637,"MALE",2019,58,52,250,13,4199,2330,2423,39,181,783,1471
141800,"ERIE",44,20.3,33,15.2,77,35.5,"ELEMENTARY",131,0.604,"FEMALE",2019,52,289,269,9,1279,956,1021,334,79,353,1542
141800,"ERIE",37,11.9,57,18.4,94,30.3,"ELEMENTARY",200,0.645,"MALE",2019,52,289,269,9,1279,956,1021,334,79,353,1542
141800,"ERIE",19,20.7,16,17.4,35,38,"MIDDLE/HIGH",57,0.62,"FEMALE",2019,52,289,269,9,1279,956,1021,334,79,353,1542
141800,"ERIE",20,19.6,19,18.6,39,38.2,"MIDDLE/HIGH",63,0.618,"MALE",2019,52,289,269,9,1279,956,1021,334,79,353,1542
141901,"ERIE",86,16.8,48,9.4,134,26.1,"ELEMENTARY",361,0.704,"FEMALE",2019,102,66,181,12,5270,2830,2940,47,139,941,1095
141901,"ERIE",96,17,66,11.7,162,28.6,"ELEMENTARY",391,0.691,"MALE",2019,102,66,181,12,5270,2830,2940,47,139,941,1095
141901,"ERIE",76,19.6,54,13.9,130,33.5,"MIDDLE/HIGH",248,0.639,"FEMALE",2019,102,66,181,12,5270,2830,2940,47,139,941,1095
141901,"ERIE",52,12.1,82,19,134,31.1,"MIDDLE/HIGH",283,0.657,"MALE",2019,102,66,181,12,5270,2830,2940,47,139,941,1095
142101,"ERIE",12,10.4,31,27,43,37.4,"MIDDLE/HIGH",72,0.626,"MALE",2019,5,7,15,167,1140,691,695,6,52,163,582
142101,"ERIE",34,26,5,3.8,39,29.8,"ELEMENTARY",92,0.702,"FEMALE",2019,5,7,15,167,1140,691,695,6,52,163,582
142101,"ERIE",47,32.2,7,4.8,54,37,"ELEMENTARY",92,0.63,"MALE",2019,5,7,15,167,1140,691,695,6,52,163,582
142101,"ERIE",21,19.8,16,15.1,37,34.9,"MIDDLE/HIGH",69,0.651,"FEMALE",2019,5,7,15,167,1140,691,695,6,52,163,582
142301,"ERIE",72,16.3,36,8.1,108,24.4,"ELEMENTARY",321,0.725,"FEMALE",2019,80,43,112,1,4398,2371,2379,26,116,710,679
142301,"ERIE",42,8.7,63,13,105,21.7,"ELEMENTARY",366,0.758,"MALE",2019,80,43,112,1,4398,2371,2379,26,116,710,679
142301,"ERIE",38,11.8,37,11.5,75,23.3,"MIDDLE/HIGH",241,0.748,"FEMALE",2019,80,43,112,1,4398,2371,2379,26,116,710,679
142301,"ERIE",45,15.2,35,11.8,80,26.9,"MIDDLE/HIGH",202,0.68,"MALE",2019,80,43,112,1,4398,2371,2379,26,116,710,679
142601,"ERIE",156,16.5,140,14.8,296,31.2,"ELEMENTARY",621,0.655,"FEMALE",2019,222,511,620,35,5088,3404,3490,207,418,1250,3397
142601,"ERIE",135,15.1,160,17.9,295,33,"ELEMENTARY",560,0.626,"MALE",2019,222,511,620,35,5088,3404,3490,207,418,1250,3397
142601,"ERIE",93,22.6,82,20,175,42.6,"MIDDLE/HIGH",229,0.557,"FEMALE",2019,222,511,620,35,5088,3404,3490,207,418,1250,3397
142601,"ERIE",63,16.4,90,23.4,153,39.7,"MIDDLE/HIGH",216,0.561,"MALE",2019,222,511,620,35,5088,3404,3490,207,418,1250,3397
160101,"FRANKLIN",24,24.7,30,30.9,54,55.7,"ELEMENTARY",43,0.443,"FEMALE",2019,4,1,14,3,706,369,380,0,21,119,380
160101,"FRANKLIN",21,19.4,27,25,48,44.4,"ELEMENTARY",60,0.556,"MALE",2019,4,1,14,3,706,369,380,0,21,119,380
160101,"FRANKLIN",7,13.7,15,29.4,22,43.1,"MIDDLE/HIGH",29,0.569,"FEMALE",2019,4,1,14,3,706,369,380,0,21,119,380
160101,"FRANKLIN",9,18,16,32,25,50,"MIDDLE/HIGH",25,0.5,"MALE",2019,4,1,14,3,706,369,380,0,21,119,380
161201,"FRANKLIN",30,16,52,27.8,82,43.9,"ELEMENTARY",105,0.561,"FEMALE",2019,1,1,34,869,475,724,731,0,75,209,1089
161201,"FRANKLIN",36,17.8,51,25.2,87,43.1,"ELEMENTARY",115,0.569,"MALE",2019,1,1,34,869,475,724,731,0,75,209,1089
161201,"FRANKLIN",20,22.7,28,31.8,48,54.5,"MIDDLE/HIGH",40,0.455,"FEMALE",2019,1,1,34,869,475,724,731,0,75,209,1089
161201,"FRANKLIN",18,18,39,39,57,57,"MIDDLE/HIGH",43,0.43,"MALE",2019,1,1,34,869,475,724,731,0,75,209,1089
170600,"FULTON",24,22.9,10,9.5,34,32.4,"ELEMENTARY",71,0.676,"FEMALE",2019,17,12,61,3,1424,729,821,11,33,183,783
170600,"FULTON",18,14.2,20,15.7,38,29.9,"ELEMENTARY",83,0.654,"MALE",2019,17,12,61,3,1424,729,821,11,33,183,783
170600,"FULTON",17,26.6,13,20.3,30,46.9,"MIDDLE/HIGH",34,0.531,"FEMALE",2019,17,12,61,3,1424,729,821,11,33,183,783
170600,"FULTON",7,11.5,14,23,21,34.4,"MIDDLE/HIGH",40,0.656,"MALE",2019,17,12,61,3,1424,729,821,11,33,183,783
180300,"GENESEE",36,14.3,55,21.8,91,36.1,"ELEMENTARY",155,0.615,"FEMALE",2019,22,298,213,26,1672,1084,1222,47,75,282,1338
180300,"GENESEE",39,14.5,55,20.4,94,34.9,"ELEMENTARY",169,0.628,"MALE",2019,22,298,213,26,1672,1084,1222,47,75,282,1338
180300,"GENESEE",37,26.2,34,24.1,71,50.4,"MIDDLE/HIGH",70,0.496,"FEMALE",2019,22,298,213,26,1672,1084,1222,47,75,282,1338
180300,"GENESEE",32,17.5,40,21.9,72,39.3,"MIDDLE/HIGH",106,0.579,"MALE",2019,22,298,213,26,1672,1084,1222,47,75,282,1338
190301,"GREENE",25,23.1,22,20.4,47,43.5,"ELEMENTARY",61,0.565,"FEMALE",2019,9,22,104,3,983,591,614,11,84,215,615
190301,"GREENE",25,19.1,32,24.4,57,43.5,"ELEMENTARY",74,0.565,"MALE",2019,9,22,104,3,983,591,614,11,84,215,615
190301,"GREENE",11,16.7,20,30.3,31,47,"MIDDLE/HIGH",35,0.53,"FEMALE",2019,9,22,104,3,983,591,614,11,84,215,615
190301,"GREENE",11,17.7,19,30.6,30,48.4,"MIDDLE/HIGH",32,0.516,"MALE",2019,9,22,104,3,983,591,614,11,84,215,615
190501,"GREENE",24,18.6,19,14.7,43,33.3,"ELEMENTARY",79,0.612,"FEMALE",2019,9,35,96,1,1059,568,683,9,51,154,475
190501,"GREENE",36,25,31,21.5,67,46.5,"ELEMENTARY",77,0.535,"MALE",2019,9,35,96,1,1059,568,683,9,51,154,475
190501,"GREENE",20,20.8,25,26,45,46.9,"MIDDLE/HIGH",51,0.531,"FEMALE",2019,9,35,96,1,1059,568,683,9,51,154,475
190501,"GREENE",19,20,21,22.1,40,42.1,"MIDDLE/HIGH",55,0.579,"MALE",2019,9,35,96,1,1059,568,683,9,51,154,475
220101,"JEFFERSON",34,15.6,34,15.6,68,31.2,"ELEMENTARY",150,0.688,"FEMALE",2019,11,14,34,4,1787,946,948,4,44,333,944
220101,"JEFFERSON",44,21.9,39,19.4,83,41.3,"ELEMENTARY",118,0.587,"MALE",2019,11,14,34,4,1787,946,948,4,44,333,944
220101,"JEFFERSON",20,18.7,23,21.5,43,40.2,"MIDDLE/HIGH",64,0.598,"FEMALE",2019,11,14,34,4,1787,946,948,4,44,333,944
220101,"JEFFERSON",18,13.8,34,26.2,52,40,"MIDDLE/HIGH",78,0.6,"MALE",2019,11,14,34,4,1787,946,948,4,44,333,944
220301,"JEFFERSON",73,14.2,84,16.3,157,30.5,"ELEMENTARY",338,0.656,"FEMALE",2019,101,280,600,16,2441,1845,1872,96,279,533,1910
220301,"JEFFERSON",84,14.8,98,17.3,182,32.1,"ELEMENTARY",357,0.63,"MALE",2019,101,280,600,16,2441,1845,1872,96,279,533,1910
220301,"JEFFERSON",51,22,38,16.4,89,38.4,"MIDDLE/HIGH",138,0.595,"FEMALE",2019,101,280,600,16,2441,1845,1872,96,279,533,1910
220301,"JEFFERSON",42,18.4,50,21.9,92,40.4,"MIDDLE/HIGH",127,0.557,"MALE",2019,101,280,600,16,2441,1845,1872,96,279,533,1910
220701,"JEFFERSON",12,16.2,14,18.9,26,35.1,"ELEMENTARY",48,0.649,"FEMALE",2019,3,6,29,5,794,442,425,1,30,108,412
220701,"JEFFERSON",9,11.5,17,21.8,26,33.3,"ELEMENTARY",47,0.603,"MALE",2019,3,6,29,5,794,442,425,1,30,108,412
220701,"JEFFERSON",17,23.6,16,22.2,33,45.8,"MIDDLE/HIGH",39,0.542,"FEMALE",2019,3,6,29,5,794,442,425,1,30,108,412
220701,"JEFFERSON",9,18,14,28,23,46,"MIDDLE/HIGH",27,0.54,"MALE",2019,3,6,29,5,794,442,425,1,30,108,412
222201,"JEFFERSON",32,11.6,45,16.3,77,27.9,"ELEMENTARY",188,0.681,"FEMALE",2019,49,155,357,14,2374,1532,1659,40,242,542,1636
222201,"JEFFERSON",47,13.7,59,17.2,106,30.9,"ELEMENTARY",223,0.65,"MALE",2019,49,155,357,14,2374,1532,1659,40,242,542,1636
222201,"JEFFERSON",36,21.7,41,24.7,77,46.4,"MIDDLE/HIGH",89,0.536,"FEMALE",2019,49,155,357,14,2374,1532,1659,40,242,542,1636
222201,"JEFFERSON",45,18.8,63,26.4,108,45.2,"MIDDLE/HIGH",131,0.548,"MALE",2019,49,155,357,14,2374,1532,1659,40,242,542,1636
240401,"LIVINGSTON",9,14.5,12,19.4,21,33.9,"ELEMENTARY",41,0.661,"FEMALE",2019,17,10,89,2,719,421,452,35,36,120,339
240401,"LIVINGSTON",9,10.5,12,14,21,24.4,"ELEMENTARY",65,0.756,"MALE",2019,17,10,89,2,719,421,452,35,36,120,339
240401,"LIVINGSTON",13,22,9,15.3,22,37.3,"MIDDLE/HIGH",37,0.627,"FEMALE",2019,17,10,89,2,719,421,452,35,36,120,339
240401,"LIVINGSTON",10,15.9,12,19,22,34.9,"MIDDLE/HIGH",41,0.651,"MALE",2019,17,10,89,2,719,421,452,35,36,120,339
250901,"MADISON",28,19,29,19.7,57,38.8,"ELEMENTARY",85,0.578,"FEMALE",2019,9,13,40,7,1164,641,652,7,60,188,682
250901,"MADISON",28,19.9,30,21.3,58,41.1,"ELEMENTARY",83,0.589,"MALE",2019,9,13,40,7,1164,641,652,7,60,188,682
250901,"MADISON",21,28.8,18,24.7,39,53.4,"MIDDLE/HIGH",34,0.466,"FEMALE",2019,9,13,40,7,1164,641,652,7,60,188,682
250901,"MADISON",11,16.2,22,32.4,33,48.5,"MIDDLE/HIGH",35,0.515,"MALE",2019,9,13,40,7,1164,641,652,7,60,188,682
251601,"MADISON",21,13.8,25,16.4,46,30.3,"ELEMENTARY",106,0.697,"FEMALE",2019,16,11,59,3,1745,933,971,3,70,295,755
251601,"MADISON",21,11.2,41,21.8,62,33,"ELEMENTARY",126,0.67,"MALE",2019,16,11,59,3,1745,933,971,3,70,295,755
251601,"MADISON",25,19.1,34,26,59,45,"MIDDLE/HIGH",72,0.55,"FEMALE",2019,16,11,59,3,1745,933,971,3,70,295,755
251601,"MADISON",31,20.3,35,22.9,66,43.1,"MIDDLE/HIGH",82,0.536,"MALE",2019,16,11,59,3,1745,933,971,3,70,295,755
260101,"MONROE",43,13.2,28,8.6,71,21.8,"ELEMENTARY",239,0.735,"FEMALE",2019,385,238,232,1,2395,1751,1767,151,267,405,687
260101,"MONROE",54,14.9,34,9.4,88,24.2,"ELEMENTARY",262,0.722,"MALE",2019,385,238,232,1,2395,1751,1767,151,267,405,687
260101,"MONROE",50,20.5,27,11.1,77,31.6,"MIDDLE/HIGH",156,0.639,"FEMALE",2019,385,238,232,1,2395,1751,1767,151,267,405,687
260101,"MONROE",26,12.7,25,12.3,51,25,"MIDDLE/HIGH",153,0.75,"MALE",2019,385,238,232,1,2395,1751,1767,151,267,405,687
260801,"MONROE",72,17.9,68,16.9,140,34.8,"ELEMENTARY",252,0.627,"FEMALE",2019,72,636,744,5,1367,1510,1534,121,220,314,1841
260801,"MONROE",69,16.4,86,20.4,155,36.8,"ELEMENTARY",251,0.596,"MALE",2019,72,636,744,5,1367,1510,1534,121,220,314,1841
260801,"MONROE",48,20.3,51,21.5,99,41.8,"MIDDLE/HIGH",128,0.54,"FEMALE",2019,72,636,744,5,1367,1510,1534,121,220,314,1841
260801,"MONROE",44,17.5,67,26.7,111,44.2,"MIDDLE/HIGH",140,0.558,"MALE",2019,72,636,744,5,1367,1510,1534,121,220,314,1841
260803,"MONROE",66,18.7,51,14.4,117,33.1,"ELEMENTARY",218,0.618,"FEMALE",2019,114,340,448,9,2537,1733,1883,79,168,384,1272
260803,"MONROE",77,18.1,63,14.8,140,32.9,"ELEMENTARY",277,0.652,"MALE",2019,114,340,448,9,2537,1733,1883,79,168,384,1272
260803,"MONROE",45,17.2,29,11.1,74,28.2,"MIDDLE/HIGH",183,0.698,"FEMALE",2019,114,340,448,9,2537,1733,1883,79,168,384,1272
260803,"MONROE",49,19.5,34,13.5,83,33.1,"MIDDLE/HIGH",162,0.645,"MALE",2019,114,340,448,9,2537,1733,1883,79,168,384,1272
261101,"MONROE",85,19.9,58,13.6,143,33.5,"ELEMENTARY",272,0.637,"FEMALE",2019,47,94,254,6,3885,2140,2270,24,124,487,1206
261101,"MONROE",78,16.6,56,11.9,134,28.5,"ELEMENTARY",321,0.682,"MALE",2019,47,94,254,6,3885,2140,2270,24,124,487,1206
261101,"MONROE",50,16.1,58,18.6,108,34.7,"MIDDLE/HIGH",203,0.653,"FEMALE",2019,47,94,254,6,3885,2140,2270,24,124,487,1206
261101,"MONROE",54,17.4,64,20.6,118,38.1,"MIDDLE/HIGH",179,0.577,"MALE",2019,47,94,254,6,3885,2140,2270,24,124,487,1206
261313,"MONROE",19,15.7,21,17.4,40,33.1,"ELEMENTARY",81,0.669,"FEMALE",2019,4,74,132,4,732,490,517,10,61,179,521
261313,"MONROE",12,8.9,24,17.8,36,26.7,"ELEMENTARY",99,0.733,"MALE",2019,4,74,132,4,732,490,517,10,61,179,521
261313,"MONROE",15,20.8,18,25,33,45.8,"MIDDLE/HIGH",39,0.542,"FEMALE",2019,4,74,132,4,732,490,517,10,61,179,521
261313,"MONROE",10,13.7,20,27.4,30,41.1,"MIDDLE/HIGH",43,0.589,"MALE",2019,4,74,132,4,732,490,517,10,61,179,521
261501,"MONROE",64,15.9,56,13.9,120,29.9,"ELEMENTARY",272,0.677,"FEMALE",2019,81,301,261,9,2886,1809,1944,56,215,389,1205
261501,"MONROE",103,22.5,75,16.4,178,38.9,"ELEMENTARY",273,0.596,"MALE",2019,81,301,261,9,2886,1809,1944,56,215,389,1205
261501,"MONROE",64,21.7,50,16.9,114,38.6,"MIDDLE/HIGH",174,0.59,"FEMALE",2019,81,301,261,9,2886,1809,1944,56,215,389,1205
261501,"MONROE",53,16.5,59,18.3,112,34.8,"MIDDLE/HIGH",200,0.621,"MALE",2019,81,301,261,9,2886,1809,1944,56,215,389,1205
261701,"MONROE",82,14.7,76,13.7,158,28.4,"ELEMENTARY",374,0.673,"FEMALE",2019,834,752,440,10,3220,2760,2843,354,347,540,2382
261701,"MONROE",81,13.7,97,16.4,178,30.2,"ELEMENTARY",390,0.661,"MALE",2019,834,752,440,10,3220,2760,2843,354,347,540,2382
261701,"MONROE",49,14.6,71,21.2,120,35.8,"MIDDLE/HIGH",209,0.624,"FEMALE",2019,834,752,440,10,3220,2760,2843,354,347,540,2382
261701,"MONROE",73,20.6,83,23.4,156,43.9,"MIDDLE/HIGH",191,0.538,"MALE",2019,834,752,440,10,3220,2760,2843,354,347,540,2382
261801,"MONROE",46,15.1,38,12.5,84,27.5,"ELEMENTARY",210,0.689,"FEMALE",2019,39,128,316,8,2635,1615,1693,41,182,482,1454
261801,"MONROE",45,14,57,17.8,102,31.8,"ELEMENTARY",211,0.657,"MALE",2019,39,128,316,8,2635,1615,1693,41,182,482,1454
261801,"MONROE",34,18.3,32,17.2,66,35.5,"MIDDLE/HIGH",115,0.618,"FEMALE",2019,39,128,316,8,2635,1615,1693,41,182,482,1454
261801,"MONROE",38,20.1,42,22.2,80,42.3,"MIDDLE/HIGH",109,0.577,"MALE",2019,39,128,316,8,2635,1615,1693,41,182,482,1454
261901,"MONROE",143,15.1,107,11.3,250,26.4,"ELEMENTARY",664,0.701,"FEMALE",2019,244,312,582,13,6880,4039,4283,165,291,766,1823
261901,"MONROE",118,12.5,128,13.5,246,26,"ELEMENTARY",664,0.702,"MALE",2019,244,312,582,13,6880,4039,4283,165,291,766,1823
261901,"MONROE",124,18.5,96,14.3,220,32.8,"MIDDLE/HIGH",431,0.642,"FEMALE",2019,244,312,582,13,6880,4039,4283,165,291,766,1823
261901,"MONROE",114,16.7,113,16.5,227,33.2,"MIDDLE/HIGH",429,0.628,"MALE",2019,244,312,582,13,6880,4039,4283,165,291,766,1823
270100,"MONTGOMERY",77,19.6,81,20.6,158,40.2,"ELEMENTARY",223,0.567,"FEMALE",2019,48,176,1885,16,1571,1905,1965,237,174,585,2616
270100,"MONTGOMERY",69,17.6,96,24.6,165,42.2,"ELEMENTARY",220,0.563,"MALE",2019,48,176,1885,16,1571,1905,1965,237,174,585,2616
270100,"MONTGOMERY",23,16.7,49,35.5,72,52.2,"MIDDLE/HIGH",66,0.478,"FEMALE",2019,48,176,1885,16,1571,1905,1965,237,174,585,2616
270100,"MONTGOMERY",27,14.9,45,24.9,72,39.8,"MIDDLE/HIGH",94,0.519,"MALE",2019,48,176,1885,16,1571,1905,1965,237,174,585,2616
280202,"NASSAU",177,20.6,198,23.1,375,43.7,"ELEMENTARY",451,0.526,"FEMALE",2019,90,2537,4274,4,105,3466,3590,1349,46,766,4340
280202,"NASSAU",137,17.2,215,26.9,352,44.1,"ELEMENTARY",420,0.526,"MALE",2019,90,2537,4274,4,105,3466,3590,1349,46,766,4340
280202,"NASSAU",113,24.5,89,19.3,202,43.7,"MIDDLE/HIGH",255,0.552,"FEMALE",2019,90,2537,4274,4,105,3466,3590,1349,46,766,4340
280202,"NASSAU",112,21.2,120,22.7,232,43.9,"MIDDLE/HIGH",277,0.525,"MALE",2019,90,2537,4274,4,105,3466,3590,1349,46,766,4340
280203,"NASSAU",81,13.9,64,11,145,24.8,"ELEMENTARY",425,0.728,"FEMALE",2019,1773,333,1575,5,3499,3598,3642,237,55,845,1771
280203,"NASSAU",90,16.3,67,12.1,157,28.4,"ELEMENTARY",380,0.687,"MALE",2019,1773,333,1575,5,3499,3598,3642,237,55,845,1771
280203,"NASSAU",107,21.7,63,12.8,170,34.4,"MIDDLE/HIGH",313,0.634,"FEMALE",2019,1773,333,1575,5,3499,3598,3642,237,55,845,1771
280203,"NASSAU",94,19.2,89,18.2,183,37.3,"MIDDLE/HIGH",295,0.602,"MALE",2019,1773,333,1575,5,3499,3598,3642,237,55,845,1771
280205,"NASSAU",96,13.3,61,8.4,157,21.7,"ELEMENTARY",511,0.708,"FEMALE",2019,843,104,1579,12,4598,3540,3701,188,105,835,1417
280205,"NASSAU",88,12.6,77,11,165,23.5,"ELEMENTARY",509,0.726,"MALE",2019,843,104,1579,12,4598,3540,3701,188,105,835,1417
280205,"NASSAU",81,19,45,10.5,126,29.5,"MIDDLE/HIGH",291,0.681,"FEMALE",2019,843,104,1579,12,4598,3540,3701,188,105,835,1417
280205,"NASSAU",74,16.1,76,16.5,150,32.6,"MIDDLE/HIGH",297,0.646,"MALE",2019,843,104,1579,12,4598,3540,3701,188,105,835,1417
280206,"NASSAU",27,16.9,18,11.3,45,28.1,"ELEMENTARY",115,0.719,"FEMALE",2019,54,18,178,1,1970,1103,1146,26,28,326,272
280206,"NASSAU",33,18.3,18,10,51,28.3,"ELEMENTARY",118,0.656,"MALE",2019,54,18,178,1,1970,1103,1146,26,28,326,272
280206,"NASSAU",24,16.2,27,18.2,51,34.5,"MIDDLE/HIGH",97,0.655,"FEMALE",2019,54,18,178,1,1970,1103,1146,26,28,326,272
280206,"NASSAU",27,14.2,40,21.1,67,35.3,"MIDDLE/HIGH",116,0.611,"MALE",2019,54,18,178,1,1970,1103,1146,26,28,326,272
280209,"NASSAU",171,22.3,157,20.4,328,42.7,"ELEMENTARY",421,0.548,"FEMALE",2019,62,1511,4952,29,394,3344,3724,1491,120,940,4250
280209,"NASSAU",181,19.8,244,26.6,425,46.4,"ELEMENTARY",478,0.522,"MALE",2019,62,1511,4952,29,394,3344,3724,1491,120,940,4250
280209,"NASSAU",98,25.7,63,16.5,161,42.1,"MIDDLE/HIGH",211,0.552,"FEMALE",2019,62,1511,4952,29,394,3344,3724,1491,120,940,4250
280209,"NASSAU",77,19.3,83,20.9,160,40.2,"MIDDLE/HIGH",217,0.545,"MALE",2019,62,1511,4952,29,394,3344,3724,1491,120,940,4250
280213,"NASSAU",26,11.5,27,11.9,53,23.3,"ELEMENTARY",163,0.718,"FEMALE",2019,455,412,565,13,465,914,1050,128,54,265,717
280213,"NASSAU",24,9.5,38,15,62,24.5,"ELEMENTARY",180,0.711,"MALE",2019,455,412,565,13,465,914,1050,128,54,265,717
280215,"NASSAU",52,17.2,49,16.2,101,33.4,"ELEMENTARY",189,0.626,"FEMALE",2019,114,435,1624,26,319,1200,1331,519,13,428,1913
280215,"NASSAU",48,16.6,69,23.9,117,40.5,"ELEMENTARY",156,0.54,"MALE",2019,114,435,1624,26,319,1200,1331,519,13,428,1913
280215,"NASSAU",22,18,28,23,50,41,"MIDDLE/HIGH",67,0.549,"FEMALE",2019,114,435,1624,26,319,1200,1331,519,13,428,1913
280215,"NASSAU",29,25.4,32,28.1,61,53.5,"MIDDLE/HIGH",48,0.421,"MALE",2019,114,435,1624,26,319,1200,1331,519,13,428,1913
280221,"NASSAU",55,15,33,9,88,24,"ELEMENTARY",263,0.717,"FEMALE",2019,85,224,525,1,2632,1725,1856,45,114,478,514
280221,"NASSAU",65,16.1,43,10.6,108,26.7,"ELEMENTARY",282,0.698,"MALE",2019,85,224,525,1,2632,1725,1856,45,114,478,514
280221,"NASSAU",36,14,19,7.4,55,21.4,"MIDDLE/HIGH",190,0.739,"FEMALE",2019,85,224,525,1,2632,1725,1856,45,114,478,514
280221,"NASSAU",40,14,35,12.3,75,26.3,"MIDDLE/HIGH",210,0.737,"MALE",2019,85,224,525,1,2632,1725,1856,45,114,478,514
280222,"NASSAU",32,13.7,35,15,67,28.6,"ELEMENTARY",158,0.675,"FEMALE",2019,274,45,257,3,862,726,753,33,38,222,220
280222,"NASSAU",59,11.9,78,15.8,137,27.7,"ELEMENTARY",341,0.689,"MALE",2019,274,45,257,3,862,726,753,33,38,222,220
280227,"NASSAU",27,15.4,42,24,69,39.4,"ELEMENTARY",106,0.606,"FEMALE",2019,124,369,813,3,403,829,932,183,49,317,896
280227,"NASSAU",32,20.5,38,24.4,70,44.9,"ELEMENTARY",86,0.551,"MALE",2019,124,369,813,3,403,829,932,183,49,317,896
280227,"NASSAU",28,19.9,38,27,66,46.8,"MIDDLE/HIGH",70,0.496,"FEMALE",2019,124,369,813,3,403,829,932,183,49,317,896
280227,"NASSAU",22,15.2,28,19.3,50,34.5,"MIDDLE/HIGH",95,0.655,"MALE",2019,124,369,813,3,403,829,932,183,49,317,896
280229,"NASSAU",18,10.9,18,10.9,36,21.8,"ELEMENTARY",124,0.752,"FEMALE",2019,91,37,164,2,861,572,605,30,22,181,121
280229,"NASSAU",30,14.2,30,14.2,60,28.3,"ELEMENTARY",142,0.67,"MALE",2019,91,37,164,2,861,572,605,30,22,181,121
280230,"NASSAU",37,18.6,33,16.6,70,35.2,"ELEMENTARY",116,0.583,"FEMALE",2019,387,534,422,8,69,720,744,114,44,138,706
280230,"NASSAU",32,15.3,30,14.4,62,29.7,"ELEMENTARY",136,0.651,"MALE",2019,387,534,422,8,69,720,744,114,44,138,706
280403,"NASSAU",25,9.9,18,7.1,43,17.1,"ELEMENTARY",197,0.782,"FEMALE",2019,619,105,271,2,2169,1583,1633,0,50,317,460
280403,"NASSAU",32,13.7,28,12,60,25.8,"ELEMENTARY",165,0.708,"MALE",2019,619,105,271,2,2169,1583,1633,0,50,317,460
280403,"NASSAU",36,21.1,9,5.3,45,26.3,"MIDDLE/HIGH",126,0.737,"FEMALE",2019,619,105,271,2,2169,1583,1633,0,50,317,460
280403,"NASSAU",29,13.9,21,10.1,50,24,"MIDDLE/HIGH",150,0.721,"MALE",2019,619,105,271,2,2169,1583,1633,0,50,317,460
280405,"NASSAU",46,13.6,32,9.5,78,23.1,"ELEMENTARY",248,0.734,"FEMALE",2019,1057,9,264,5,413,861,924,130,37,179,373
280405,"NASSAU",47,13.7,52,15.2,99,28.9,"ELEMENTARY",233,0.679,"MALE",2019,1057,9,264,5,413,861,924,130,37,179,373
280407,"NASSAU",82,11.1,61,8.3,143,19.4,"ELEMENTARY",570,0.772,"FEMALE",2019,2959,70,618,2,3010,3245,3591,351,177,1023,1349
280407,"NASSAU",87,11.1,96,12.2,183,23.3,"ELEMENTARY",552,0.704,"MALE",2019,2959,70,618,2,3010,3245,3591,351,177,1023,1349
280407,"NASSAU",62,13.5,30,6.5,92,20,"MIDDLE/HIGH",355,0.773,"FEMALE",2019,2959,70,618,2,3010,3245,3591,351,177,1023,1349
280407,"NASSAU",79,15.9,57,11.5,136,27.4,"MIDDLE/HIGH",336,0.676,"MALE",2019,2959,70,618,2,3010,3245,3591,351,177,1023,1349
280501,"NASSAU",34,14.4,27,11.4,61,25.8,"ELEMENTARY",168,0.712,"FEMALE",2019,163,7,317,6,1960,1227,1321,0,95,356,1
280501,"NASSAU",31,11.1,36,12.9,67,23.9,"ELEMENTARY",199,0.711,"MALE",2019,163,7,317,6,1960,1227,1321,0,95,356,1
280501,"NASSAU",25,15.8,7,4.4,32,20.3,"MIDDLE/HIGH",126,0.797,"FEMALE",2019,163,7,317,6,1960,1227,1321,0,95,356,1
280501,"NASSAU",18,11.8,13,8.6,31,20.4,"MIDDLE/HIGH",114,0.75,"MALE",2019,163,7,317,6,1960,1227,1321,0,95,356,1
280504,"NASSAU",66,15.7,28,6.7,94,22.3,"ELEMENTARY",310,0.736,"FEMALE",2019,1268,10,302,1,3287,2409,2547,124,88,698,549
280504,"NASSAU",93,18,39,7.5,132,25.5,"ELEMENTARY",357,0.691,"MALE",2019,1268,10,302,1,3287,2409,2547,124,88,698,549
280504,"NASSAU",70,20.6,30,8.8,100,29.4,"MIDDLE/HIGH",235,0.691,"FEMALE",2019,1268,10,302,1,3287,2409,2547,124,88,698,549
280504,"NASSAU",51,14,52,14.3,103,28.3,"MIDDLE/HIGH",246,0.676,"MALE",2019,1268,10,302,1,3287,2409,2547,124,88,698,549
280506,"NASSAU",14,14.7,15,15.8,29,30.5,"ELEMENTARY",60,0.632,"MALE",2019,58,40,414,4,996,776,789,153,53,220,420
280506,"NASSAU",14,15.4,9,9.9,23,25.3,"MIDDLE/HIGH",56,0.615,"FEMALE",2019,58,40,414,4,996,776,789,153,53,220,420
280506,"NASSAU",10,11.9,8,9.5,18,21.4,"MIDDLE/HIGH",56,0.667,"MALE",2019,58,40,414,4,996,776,789,153,53,220,420
280515,"NASSAU",25,10.1,8,3.2,33,13.4,"ELEMENTARY",209,0.846,"FEMALE",2019,2015,71,95,3,931,1465,1690,151,40,338,388
280515,"NASSAU",28,10.9,11,4.3,39,15.2,"ELEMENTARY",213,0.829,"MALE",2019,2015,71,95,3,931,1465,1690,151,40,338,388
280515,"NASSAU",28,13.5,17,8.2,45,21.6,"MIDDLE/HIGH",158,0.76,"FEMALE",2019,2015,71,95,3,931,1465,1690,151,40,338,388
280515,"NASSAU",51,18.3,31,11.1,82,29.4,"MIDDLE/HIGH",185,0.663,"MALE",2019,2015,71,95,3,931,1465,1690,151,40,338,388
280517,"NASSAU",78,16.5,64,13.5,142,30,"ELEMENTARY",299,0.632,"FEMALE",2019,1941,128,1812,9,1392,2582,2810,526,110,668,1848
280517,"NASSAU",84,15.7,102,19.1,186,34.8,"ELEMENTARY",318,0.594,"MALE",2019,1941,128,1812,9,1392,2582,2810,526,110,668,1848
280517,"NASSAU",52,17.7,53,18,105,35.7,"MIDDLE/HIGH",182,0.619,"FEMALE",2019,1941,128,1812,9,1392,2582,2810,526,110,668,1848
280517,"NASSAU",58,18.6,75,24.1,133,42.8,"MIDDLE/HIGH",163,0.524,"MALE",2019,1941,128,1812,9,1392,2582,2810,526,110,668,1848
280523,"NASSAU",68,12.4,42,7.7,110,20.1,"ELEMENTARY",429,0.783,"FEMALE",2019,122,27,432,11,6004,3376,3337,28,117,827,593
280523,"NASSAU",90,14.3,53,8.4,143,22.7,"ELEMENTARY",469,0.743,"MALE",2019,122,27,432,11,6004,3376,3337,28,117,827,593
280523,"NASSAU",77,16.2,55,11.6,132,27.8,"MIDDLE/HIGH",342,0.722,"FEMALE",2019,122,27,432,11,6004,3376,3337,28,117,827,593
280523,"NASSAU",74,16.6,79,17.7,153,34.2,"MIDDLE/HIGH",285,0.638,"MALE",2019,122,27,432,11,6004,3376,3337,28,117,827,593
400301,"NIAGARA",26,11.6,28,12.4,54,24,"ELEMENTARY",166,0.738,"FEMALE",2019,39,26,50,6,1809,948,1045,13,63,341,464
400301,"NIAGARA",34,13.4,36,14.2,70,27.6,"ELEMENTARY",175,0.689,"MALE",2019,39,26,50,6,1809,948,1045,13,63,341,464
400301,"NIAGARA",24,19.4,12,9.7,36,29,"MIDDLE/HIGH",88,0.71,"FEMALE",2019,39,26,50,6,1809,948,1045,13,63,341,464
400301,"NIAGARA",36,24.5,21,14.3,57,38.8,"MIDDLE/HIGH",90,0.612,"MALE",2019,39,26,50,6,1809,948,1045,13,63,341,464
400400,"NIAGARA",73,14.1,82,15.8,155,29.9,"ELEMENTARY",343,0.662,"FEMALE",2019,25,475,427,21,3186,2208,2294,42,368,794,2563
400400,"NIAGARA",58,11.9,95,19.5,153,31.4,"ELEMENTARY",320,0.656,"MALE",2019,25,475,427,21,3186,2208,2294,42,368,794,2563
400400,"NIAGARA",55,22,35,14,90,36,"MIDDLE/HIGH",160,0.64,"FEMALE",2019,25,475,427,21,3186,2208,2294,42,368,794,2563
400400,"NIAGARA",41,13.2,72,23.2,113,36.5,"MIDDLE/HIGH",197,0.635,"MALE",2019,25,475,427,21,3186,2208,2294,42,368,794,2563
401001,"NIAGARA",26,12.7,23,11.3,49,24,"ELEMENTARY",150,0.735,"FEMALE",2019,34,21,53,6,2749,1460,1486,30,83,328,529
401001,"NIAGARA",32,16.2,27,13.7,59,29.9,"ELEMENTARY",133,0.675,"MALE",2019,34,21,53,6,2749,1460,1486,30,83,328,529
401001,"NIAGARA",43,23.9,21,11.7,64,35.6,"MIDDLE/HIGH",116,0.644,"FEMALE",2019,34,21,53,6,2749,1460,1486,30,83,328,529
401001,"NIAGARA",30,16.2,32,17.3,62,33.5,"MIDDLE/HIGH",118,0.638,"MALE",2019,34,21,53,6,2749,1460,1486,30,83,328,529
401501,"NIAGARA",18,24,13,17.3,31,41.3,"ELEMENTARY",44,0.587,"FEMALE",2019,2,5,33,11,977,515,560,13,47,149,459
401501,"NIAGARA",20,27,7,9.5,27,36.5,"MIDDLE/HIGH",47,0.635,"FEMALE",2019,2,5,33,11,977,515,560,13,47,149,459
401501,"NIAGARA",10,11.5,24,27.6,34,39.1,"MIDDLE/HIGH",53,0.609,"MALE",2019,2,5,33,11,977,515,560,13,47,149,459
411504,"ONEIDA",7,14.9,13,27.7,20,42.6,"ELEMENTARY",27,0.574,"FEMALE",2019,10,15,21,1,480,274,267,4,14,67,258
411504,"ONEIDA",6,10,10,16.7,16,26.7,"ELEMENTARY",44,0.733,"MALE",2019,10,15,21,1,480,274,267,4,14,67,258
411603,"ONEIDA",24,18.3,28,21.4,52,39.7,"ELEMENTARY",73,0.557,"FEMALE",2019,5,5,32,1,903,498,477,4,29,105,383
411603,"ONEIDA",21,18.6,19,16.8,40,35.4,"ELEMENTARY",73,0.646,"MALE",2019,5,5,32,1,903,498,477,4,29,105,383
411603,"ONEIDA",10,14.5,22,31.9,32,46.4,"MIDDLE/HIGH",37,0.536,"FEMALE",2019,5,5,32,1,903,498,477,4,29,105,383
411603,"ONEIDA",9,15,15,25,24,40,"MIDDLE/HIGH",36,0.6,"MALE",2019,5,5,32,1,903,498,477,4,29,105,383
411800,"ONEIDA",123,16.2,159,20.9,282,37.1,"ELEMENTARY",465,0.612,"FEMALE",2019,71,458,489,14,4443,2745,2868,67,138,1024,3625
411800,"ONEIDA",118,15.4,155,20.2,273,35.5,"ELEMENTARY",469,0.611,"MALE",2019,71,458,489,14,4443,2745,2868,67,138,1024,3625
411800,"ONEIDA",33,13.3,79,31.9,112,45.2,"MIDDLE/HIGH",131,0.528,"FEMALE",2019,71,458,489,14,4443,2745,2868,67,138,1024,3625
411800,"ONEIDA",32,12.3,71,27.3,103,39.6,"MIDDLE/HIGH",150,0.577,"MALE",2019,71,458,489,14,4443,2745,2868,67,138,1024,3625
412902,"ONEIDA",37,13.8,44,16.4,81,30.1,"ELEMENTARY",180,0.669,"FEMALE",2019,39,43,134,2,2826,1544,1599,37,99,471,1120
412902,"ONEIDA",42,13.9,54,17.8,96,31.7,"ELEMENTARY",201,0.663,"MALE",2019,39,43,134,2,2826,1544,1599,37,99,471,1120
412902,"ONEIDA",23,11.8,25,12.8,48,24.6,"MIDDLE/HIGH",147,0.754,"FEMALE",2019,39,43,134,2,2826,1544,1599,37,99,471,1120
412902,"ONEIDA",37,13.6,63,23.2,100,36.8,"MIDDLE/HIGH",163,0.599,"MALE",2019,39,43,134,2,2826,1544,1599,37,99,471,1120
420401,"ONONDAGA",59,17.3,42,12.3,101,29.6,"ELEMENTARY",229,0.672,"FEMALE",2019,110,178,97,20,2900,1659,1752,71,106,586,1362
420401,"ONONDAGA",59,16.7,42,11.9,101,28.6,"ELEMENTARY",232,0.657,"MALE",2019,110,178,97,20,2900,1659,1752,71,106,586,1362
420401,"ONONDAGA",25,15.2,23,13.9,48,29.1,"MIDDLE/HIGH",112,0.679,"FEMALE",2019,110,178,97,20,2900,1659,1752,71,106,586,1362
420401,"ONONDAGA",25,15.3,21,12.9,46,28.2,"MIDDLE/HIGH",109,0.669,"MALE",2019,110,178,97,20,2900,1659,1752,71,106,586,1362
420411,"ONONDAGA",33,14.2,23,9.9,56,24.1,"ELEMENTARY",168,0.724,"FEMALE",2019,254,195,104,9,1977,1289,1405,72,155,277,684
420411,"ONONDAGA",40,15.9,32,12.7,72,28.7,"ELEMENTARY",172,0.685,"MALE",2019,254,195,104,9,1977,1289,1405,72,155,277,684
420411,"ONONDAGA",36,17.7,26,12.8,62,30.5,"MIDDLE/HIGH",141,0.695,"FEMALE",2019,254,195,104,9,1977,1289,1405,72,155,277,684
420411,"ONONDAGA",28,13.2,32,15.1,60,28.3,"MIDDLE/HIGH",147,0.693,"MALE",2019,254,195,104,9,1977,1289,1405,72,155,277,684
420601,"ONONDAGA",11,18,14,23,25,41,"ELEMENTARY",36,0.59,"FEMALE",2019,8,2,17,1,577,309,302,9,6,51,213
420601,"ONONDAGA",11,15.9,9,13,20,29,"ELEMENTARY",49,0.71,"MALE",2019,8,2,17,1,577,309,302,9,6,51,213
420601,"ONONDAGA",7,17.5,6,15,13,32.5,"MIDDLE/HIGH",27,0.675,"FEMALE",2019,8,2,17,1,577,309,302,9,6,51,213
420601,"ONONDAGA",7,16.3,13,30.2,20,46.5,"MIDDLE/HIGH",23,0.535,"MALE",2019,8,2,17,1,577,309,302,9,6,51,213
420702,"ONONDAGA",23,14.3,37,23,60,37.3,"ELEMENTARY",101,0.627,"FEMALE",2019,11,108,135,23,1045,720,733,59,131,229,962
420702,"ONONDAGA",28,18.4,21,13.8,49,32.2,"ELEMENTARY",98,0.645,"MALE",2019,11,108,135,23,1045,720,733,59,131,229,962
420702,"ONONDAGA",28,23.5,30,25.2,58,48.7,"MIDDLE/HIGH",61,0.513,"FEMALE",2019,11,108,135,23,1045,720,733,59,131,229,962
420702,"ONONDAGA",12,12.1,23,23.2,35,35.4,"MIDDLE/HIGH",64,0.646,"MALE",2019,11,108,135,23,1045,720,733,59,131,229,962
420901,"ONONDAGA",83,15.8,77,14.6,160,30.4,"ELEMENTARY",359,0.683,"FEMALE",2019,46,122,232,12,4720,2573,2816,29,257,758,1511
420901,"ONONDAGA",74,12.5,101,17,175,29.5,"ELEMENTARY",398,0.671,"MALE",2019,46,122,232,12,4720,2573,2816,29,257,758,1511
420901,"ONONDAGA",67,18.4,65,17.9,132,36.3,"MIDDLE/HIGH",232,0.637,"FEMALE",2019,46,122,232,12,4720,2573,2816,29,257,758,1511
420901,"ONONDAGA",46,12.1,73,19.3,119,31.4,"MIDDLE/HIGH",251,0.662,"MALE",2019,46,122,232,12,4720,2573,2816,29,257,758,1511
421001,"ONONDAGA",53,15.2,27,7.7,80,22.9,"ELEMENTARY",256,0.734,"FEMALE",2019,442,118,134,13,3370,2093,2110,35,126,391,622
421001,"ONONDAGA",49,13.1,31,8.3,80,21.4,"ELEMENTARY",281,0.751,"MALE",2019,442,118,134,13,3370,2093,2110,35,126,391,622
421001,"ONONDAGA",36,14.3,23,9.2,59,23.5,"MIDDLE/HIGH",186,0.741,"FEMALE",2019,442,118,134,13,3370,2093,2110,35,126,391,622
421001,"ONONDAGA",35,13.8,38,15,73,28.9,"MIDDLE/HIGH",175,0.692,"MALE",2019,442,118,134,13,3370,2093,2110,35,126,391,622
421201,"ONONDAGA",17,21.5,14,17.7,31,39.2,"ELEMENTARY",48,0.608,"FEMALE",2019,5,92,41,28,611,432,398,19,53,118,412
421201,"ONONDAGA",11,11.8,25,26.9,36,38.7,"ELEMENTARY",52,0.559,"MALE",2019,5,92,41,28,611,432,398,19,53,118,412
421201,"ONONDAGA",17,28.8,13,22,30,50.8,"MIDDLE/HIGH",29,0.492,"FEMALE",2019,5,92,41,28,611,432,398,19,53,118,412
421201,"ONONDAGA",7,11.9,14,23.7,21,35.6,"MIDDLE/HIGH",38,0.644,"MALE",2019,5,92,41,28,611,432,398,19,53,118,412
421800,"ONONDAGA",335,16.7,397,19.7,732,36.4,"ELEMENTARY",1191,0.592,"FEMALE",2019,1529,10230,2991,215,4566,10154,10903,3382,1526,4222,15638
421800,"ONONDAGA",338,15.2,480,21.5,818,36.7,"ELEMENTARY",1313,0.589,"MALE",2019,1529,10230,2991,215,4566,10154,10903,3382,1526,4222,15638
421800,"ONONDAGA",200,22,256,28.1,456,50.1,"MIDDLE/HIGH",436,0.479,"FEMALE",2019,1529,10230,2991,215,4566,10154,10903,3382,1526,4222,15638
421800,"ONONDAGA",148,14.6,279,27.4,427,42,"MIDDLE/HIGH",556,0.547,"MALE",2019,1529,10230,2991,215,4566,10154,10903,3382,1526,4222,15638
421902,"ONONDAGA",19,21.1,9,10,28,31.1,"ELEMENTARY",62,0.689,"FEMALE",2019,6,5,12,7,721,361,409,4,19,92,260
421902,"ONONDAGA",9,9.4,11,11.5,20,20.8,"ELEMENTARY",76,0.792,"MALE",2019,6,5,12,7,721,361,409,4,19,92,260
421902,"ONONDAGA",12,27.3,13,29.5,25,56.8,"MIDDLE/HIGH",19,0.432,"FEMALE",2019,6,5,12,7,721,361,409,4,19,92,260
421902,"ONONDAGA",6,13,14,30.4,20,43.5,"MIDDLE/HIGH",26,0.565,"MALE",2019,6,5,12,7,721,361,409,4,19,92,260
430700,"ONTARIO",43,18.4,46,19.7,89,38,"ELEMENTARY",139,0.594,"FEMALE",2019,42,233,708,1,935,1097,1077,195,255,269,1299
430700,"ONTARIO",38,18.9,32,15.9,70,34.8,"ELEMENTARY",122,0.607,"MALE",2019,42,233,708,1,935,1097,1077,195,255,269,1299
430700,"ONTARIO",34,23.1,37,25.2,71,48.3,"MIDDLE/HIGH",76,0.517,"FEMALE",2019,42,233,708,1,935,1097,1077,195,255,269,1299
430700,"ONTARIO",28,19.7,35,24.6,63,44.4,"MIDDLE/HIGH",79,0.556,"MALE",2019,42,233,708,1,935,1097,1077,195,255,269,1299
430901,"ONTARIO",16,14.5,23,20.9,39,35.5,"ELEMENTARY",65,0.591,"FEMALE",2019,4,3,22,1,1133,559,611,2,7,181,642
430901,"ONTARIO",23,20.9,18,16.4,41,37.3,"ELEMENTARY",69,0.627,"MALE",2019,4,3,22,1,1133,559,611,2,7,181,642
430901,"ONTARIO",16,21.3,27,36,43,57.3,"MIDDLE/HIGH",32,0.427,"FEMALE",2019,4,3,22,1,1133,559,611,2,7,181,642
430901,"ONTARIO",8,9.6,15,18.1,23,27.7,"MIDDLE/HIGH",48,0.578,"MALE",2019,4,3,22,1,1133,559,611,2,7,181,642
431101,"ONTARIO",19,23.8,17,21.3,36,45,"ELEMENTARY",44,0.55,"FEMALE",2019,4,2,51,2,705,378,421,5,35,94,394
431101,"ONTARIO",17,20.7,12,14.6,29,35.4,"ELEMENTARY",53,0.646,"MALE",2019,4,2,51,2,705,378,421,5,35,94,394
431101,"ONTARIO",12,26.1,8,17.4,20,43.5,"MIDDLE/HIGH",26,0.565,"FEMALE",2019,4,2,51,2,705,378,421,5,35,94,394
431101,"ONTARIO",12,17.9,19,28.4,31,46.3,"MIDDLE/HIGH",36,0.537,"MALE",2019,4,2,51,2,705,378,421,5,35,94,394
431701,"ONTARIO",102,17.5,27,4.6,129,22.1,"ELEMENTARY",424,0.727,"FEMALE",2019,127,118,322,17,3656,2204,2218,104,182,496,953
431701,"ONTARIO",83,15,43,7.8,126,22.8,"ELEMENTARY",397,0.718,"MALE",2019,127,118,322,17,3656,2204,2218,104,182,496,953
431701,"ONTARIO",30,9,29,8.7,59,17.8,"MIDDLE/HIGH",266,0.801,"FEMALE",2019,127,118,322,17,3656,2204,2218,104,182,496,953
431701,"ONTARIO",46,14.2,55,17,101,31.2,"MIDDLE/HIGH",209,0.645,"MALE",2019,127,118,322,17,3656,2204,2218,104,182,496,953
440102,"ORANGE",49,15.4,42,13.2,91,28.5,"ELEMENTARY",223,0.699,"FEMALE",2019,95,357,996,10,2355,1944,1973,56,104,489,1187
440102,"ORANGE",40,12.5,49,15.3,89,27.7,"ELEMENTARY",226,0.704,"MALE",2019,95,357,996,10,2355,1944,1973,56,104,489,1187
440102,"ORANGE",54,19.6,45,16.3,99,35.9,"MIDDLE/HIGH",177,0.641,"FEMALE",2019,95,357,996,10,2355,1944,1973,56,104,489,1187
440102,"ORANGE",56,17.4,66,20.6,122,38,"MIDDLE/HIGH",188,0.586,"MALE",2019,95,357,996,10,2355,1944,1973,56,104,489,1187
440301,"ORANGE",35,15.8,24,10.9,59,26.7,"ELEMENTARY",150,0.679,"FEMALE",2019,157,188,651,6,2001,1469,1633,47,99,378,622
440301,"ORANGE",37,14.4,31,12.1,68,26.5,"ELEMENTARY",178,0.693,"MALE",2019,157,188,651,6,2001,1469,1633,47,99,378,622
440301,"ORANGE",38,21.1,22,12.2,60,33.3,"MIDDLE/HIGH",120,0.667,"FEMALE",2019,157,188,651,6,2001,1469,1633,47,99,378,622
440301,"ORANGE",41,20.2,44,21.7,85,41.9,"MIDDLE/HIGH",118,0.581,"MALE",2019,157,188,651,6,2001,1469,1633,47,99,378,622
441201,"ORANGE",84,15.3,44,8,128,23.3,"ELEMENTARY",406,0.738,"FEMALE",2019,444,563,2202,10,3077,3196,3270,351,170,1053,2118
441201,"ORANGE",92,16.1,79,13.9,171,30,"ELEMENTARY",382,0.67,"MALE",2019,444,563,2202,10,3077,3196,3270,351,170,1053,2118
441201,"ORANGE",96,23.8,41,10.2,137,34,"MIDDLE/HIGH",247,0.613,"FEMALE",2019,444,563,2202,10,3077,3196,3270,351,170,1053,2118
441201,"ORANGE",78,18.3,67,15.7,145,34,"MIDDLE/HIGH",275,0.644,"MALE",2019,444,563,2202,10,3077,3196,3270,351,170,1053,2118
441600,"ORANGE",238,17.3,345,25,583,42.3,"ELEMENTARY",750,0.544,"FEMALE",2019,261,2517,6367,29,1921,5554,6005,1648,464,1713,7014
441600,"ORANGE",259,18,421,29.3,680,47.3,"ELEMENTARY",704,0.49,"MALE",2019,261,2517,6367,29,1921,5554,6005,1648,464,1713,7014
441600,"ORANGE",150,21.7,187,27.1,337,48.8,"MIDDLE/HIGH",338,0.49,"FEMALE",2019,261,2517,6367,29,1921,5554,6005,1648,464,1713,7014
441600,"ORANGE",111,13.9,250,31.3,361,45.2,"MIDDLE/HIGH",426,0.534,"MALE",2019,261,2517,6367,29,1921,5554,6005,1648,464,1713,7014
442101,"ORANGE",86,14.8,48,8.2,134,23,"ELEMENTARY",432,0.742,"FEMALE",2019,83,136,551,4,2669,1751,1818,55,126,482,726
442101,"ORANGE",76,12.8,60,10.1,136,23,"ELEMENTARY",438,0.74,"MALE",2019,83,136,551,4,2669,1751,1818,55,126,482,726
442101,"ORANGE",43,15.6,35,12.7,78,28.4,"MIDDLE/HIGH",191,0.695,"FEMALE",2019,83,136,551,4,2669,1751,1818,55,126,482,726
442101,"ORANGE",49,16.6,45,15.3,94,31.9,"MIDDLE/HIGH",190,0.644,"MALE",2019,83,136,551,4,2669,1751,1818,55,126,482,726
450607,"ORLEANS",14,18.4,16,21.1,30,39.5,"ELEMENTARY",46,0.605,"FEMALE",2019,1,4,41,1,650,351,370,2,24,113,383
450607,"ORLEANS",17,23.3,15,20.5,32,43.8,"ELEMENTARY",41,0.562,"MALE",2019,1,4,41,1,650,351,370,2,24,113,383
450607,"ORLEANS",10,22.2,10,22.2,20,44.4,"MIDDLE/HIGH",25,0.556,"FEMALE",2019,1,4,41,1,650,351,370,2,24,113,383
450607,"ORLEANS",8,15.4,11,21.2,19,36.5,"MIDDLE/HIGH",33,0.635,"MALE",2019,1,4,41,1,650,351,370,2,24,113,383
450704,"ORLEANS",16,13.2,31,25.6,47,38.8,"ELEMENTARY",74,0.612,"FEMALE",2019,5,11,76,1,827,493,485,9,58,137,520
450704,"ORLEANS",17,13.3,25,19.5,42,32.8,"ELEMENTARY",81,0.633,"MALE",2019,5,11,76,1,827,493,485,9,58,137,520
450704,"ORLEANS",13,17.1,26,34.2,39,51.3,"MIDDLE/HIGH",37,0.487,"FEMALE",2019,5,11,76,1,827,493,485,9,58,137,520
450704,"ORLEANS",12,16,30,40,42,56,"MIDDLE/HIGH",33,0.44,"MALE",2019,5,11,76,1,827,493,485,9,58,137,520
460102,"OSWEGO",29,19.6,36,24.3,65,43.9,"ELEMENTARY",83,0.561,"FEMALE",2019,6,8,18,6,1063,569,562,0,30,231,746
460102,"OSWEGO",29,21.6,30,22.4,59,44,"ELEMENTARY",75,0.56,"MALE",2019,6,8,18,6,1063,569,562,0,30,231,746
460102,"OSWEGO",20,22.5,31,34.8,51,57.3,"MIDDLE/HIGH",38,0.427,"FEMALE",2019,6,8,18,6,1063,569,562,0,30,231,746
460102,"OSWEGO",9,13.2,24,35.3,33,48.5,"MIDDLE/HIGH",35,0.515,"MALE",2019,6,8,18,6,1063,569,562,0,30,231,746
460500,"OSWEGO",63,18.1,62,17.8,125,35.9,"ELEMENTARY",215,0.618,"FEMALE",2019,19,39,190,8,3016,1619,1742,37,89,591,2088
460500,"OSWEGO",63,15.9,79,19.9,142,35.9,"ELEMENTARY",246,0.621,"MALE",2019,19,39,190,8,3016,1619,1742,37,89,591,2088
460500,"OSWEGO",24,14.1,43,25.3,67,39.4,"MIDDLE/HIGH",103,0.606,"FEMALE",2019,19,39,190,8,3016,1619,1742,37,89,591,2088
460500,"OSWEGO",40,20.5,52,26.7,92,47.2,"MIDDLE/HIGH",103,0.528,"MALE",2019,19,39,190,8,3016,1619,1742,37,89,591,2088
460701,"OSWEGO",27,23.5,27,23.5,54,47,"ELEMENTARY",61,0.53,"FEMALE",2019,2,7,25,3,1261,621,689,7,12,200,946
460701,"OSWEGO",30,21,32,22.4,62,43.4,"ELEMENTARY",81,0.566,"MALE",2019,2,7,25,3,1261,621,689,7,12,200,946
460701,"OSWEGO",18,18.4,30,30.6,48,49,"MIDDLE/HIGH",50,0.51,"FEMALE",2019,2,7,25,3,1261,621,689,7,12,200,946
460701,"OSWEGO",22,20.8,28,26.4,50,47.2,"MIDDLE/HIGH",56,0.528,"MALE",2019,2,7,25,3,1261,621,689,7,12,200,946
461901,"OSWEGO",17,21,16,19.8,33,40.7,"ELEMENTARY",48,0.593,"FEMALE",2019,5,3,10,3,748,361,423,1,15,103,383
461901,"OSWEGO",14,13.1,29,27.1,43,40.2,"ELEMENTARY",64,0.598,"MALE",2019,5,3,10,3,748,361,423,1,15,103,383
461901,"OSWEGO",8,16.7,16,33.3,24,50,"MIDDLE/HIGH",24,0.5,"FEMALE",2019,5,3,10,3,748,361,423,1,15,103,383
461901,"OSWEGO",14,26.9,14,26.9,28,53.8,"MIDDLE/HIGH",24,0.462,"MALE",2019,5,3,10,3,748,361,423,1,15,103,383
462001,"OSWEGO",29,14.6,41,20.6,70,35.2,"ELEMENTARY",120,0.603,"FEMALE",2019,6,9,24,2,1615,838,866,1,48,172,885
462001,"OSWEGO",27,11.9,31,13.7,58,25.6,"ELEMENTARY",169,0.744,"MALE",2019,6,9,24,2,1615,838,866,1,48,172,885
462001,"OSWEGO",24,19,33,26.2,57,45.2,"MIDDLE/HIGH",69,0.548,"FEMALE",2019,6,9,24,2,1615,838,866,1,48,172,885
462001,"OSWEGO",13,12.3,32,30.2,45,42.5,"MIDDLE/HIGH",61,0.575,"MALE",2019,6,9,24,2,1615,838,866,1,48,172,885
471400,"OTSEGO",24,13.4,36,20.1,60,33.5,"ELEMENTARY",113,0.631,"FEMALE",2019,71,101,158,1,1438,881,949,18,61,328,434
471400,"OTSEGO",21,10.2,31,15.1,52,25.4,"ELEMENTARY",148,0.722,"MALE",2019,71,101,158,1,1438,881,949,18,61,328,434
471400,"OTSEGO",19,15,18,14.2,37,29.1,"MIDDLE/HIGH",90,0.709,"FEMALE",2019,71,101,158,1,1438,881,949,18,61,328,434
471400,"OTSEGO",20,14.7,29,21.3,49,36,"MIDDLE/HIGH",87,0.64,"MALE",2019,71,101,158,1,1438,881,949,18,61,328,434
471701,"OTSEGO",12,15.8,8,10.5,20,26.3,"ELEMENTARY",56,0.737,"FEMALE",2019,27,15,26,1,746,405,413,0,3,88,231
471701,"OTSEGO",10,11.4,8,9.1,18,20.5,"ELEMENTARY",70,0.795,"MALE",2019,27,15,26,1,746,405,413,0,3,88,231
471701,"OTSEGO",14,17.9,6,7.7,20,25.6,"MIDDLE/HIGH",58,0.744,"FEMALE",2019,27,15,26,1,746,405,413,0,3,88,231
471701,"OTSEGO",9,13.8,13,20,22,33.8,"MIDDLE/HIGH",43,0.662,"MALE",2019,27,15,26,1,746,405,413,0,3,88,231
480102,"PUTNAM",58,17.4,53,15.9,111,33.2,"ELEMENTARY",199,0.596,"FEMALE",2019,91,107,1170,7,2478,1945,2028,158,120,608,1257
480102,"PUTNAM",64,16.9,77,20.4,141,37.3,"ELEMENTARY",226,0.598,"MALE",2019,91,107,1170,7,2478,1945,2028,158,120,608,1257
480102,"PUTNAM",48,19.6,50,20.4,98,40,"MIDDLE/HIGH",135,0.551,"FEMALE",2019,91,107,1170,7,2478,1945,2028,158,120,608,1257
480102,"PUTNAM",52,19.3,73,27,125,46.3,"MIDDLE/HIGH",140,0.519,"MALE",2019,91,107,1170,7,2478,1945,2028,158,120,608,1257
480401,"PUTNAM",6,10.2,5,8.5,11,18.6,"ELEMENTARY",48,0.814,"FEMALE",2019,31,12,80,1,657,373,421,12,13,99,134
480401,"PUTNAM",6,8.7,5,7.2,11,15.9,"MIDDLE/HIGH",58,0.841,"MALE",2019,31,12,80,1,657,373,421,12,13,99,134
480601,"PUTNAM",42,13.9,51,16.9,93,30.8,"ELEMENTARY",201,0.666,"FEMALE",2019,87,74,1256,4,1561,1450,1616,361,84,411,1212
480601,"PUTNAM",56,17,66,20.1,122,37.1,"ELEMENTARY",195,0.593,"MALE",2019,87,74,1256,4,1561,1450,1616,361,84,411,1212
480601,"PUTNAM",56,25.2,44,19.8,100,45,"MIDDLE/HIGH",117,0.527,"FEMALE",2019,87,74,1256,4,1561,1450,1616,361,84,411,1212
480601,"PUTNAM",41,16.5,54,21.8,95,38.3,"MIDDLE/HIGH",153,0.617,"MALE",2019,87,74,1256,4,1561,1450,1616,361,84,411,1212
490301,"RENSSELAER",85,21.3,56,14,141,35.3,"ELEMENTARY",258,0.647,"FEMALE",2019,274,131,231,8,3225,2038,2050,56,219,587,1037
490301,"RENSSELAER",66,16.9,62,15.9,128,32.7,"ELEMENTARY",263,0.673,"MALE",2019,274,131,231,8,3225,2038,2050,56,219,587,1037
490301,"RENSSELAER",74,25.5,42,14.5,116,40,"MIDDLE/HIGH",174,0.6,"FEMALE",2019,274,131,231,8,3225,2038,2050,56,219,587,1037
490301,"RENSSELAER",62,20.1,52,16.9,114,37,"MIDDLE/HIGH",194,0.63,"MALE",2019,274,131,231,8,3225,2038,2050,56,219,587,1037
491302,"RENSSELAER",44,18.8,26,11.1,70,29.9,"ELEMENTARY",154,0.658,"FEMALE",2019,23,21,90,1,2434,1328,1337,13,96,448,658
491302,"RENSSELAER",39,15.4,34,13.4,73,28.7,"ELEMENTARY",174,0.685,"MALE",2019,23,21,90,1,2434,1328,1337,13,96,448,658
491302,"RENSSELAER",38,20.7,23,12.5,61,33.2,"MIDDLE/HIGH",118,0.641,"FEMALE",2019,23,21,90,1,2434,1328,1337,13,96,448,658
491302,"RENSSELAER",28,13.9,29,14.4,57,28.4,"MIDDLE/HIGH",138,0.687,"MALE",2019,23,21,90,1,2434,1328,1337,13,96,448,658
491700,"RENSSELAER",65,21.2,74,24.2,139,45.4,"ELEMENTARY",158,0.516,"FEMALE",2019,70,1221,774,9,1624,2046,2092,116,440,744,3074
491700,"RENSSELAER",61,16.4,52,13.9,113,30.3,"ELEMENTARY",255,0.684,"MALE",2019,70,1221,774,9,1624,2046,2092,116,440,744,3074
491700,"RENSSELAER",34,15,44,19.5,78,34.5,"MIDDLE/HIGH",142,0.628,"FEMALE",2019,70,1221,774,9,1624,2046,2092,116,440,744,3074
491700,"RENSSELAER",32,12.9,41,16.5,73,29.3,"MIDDLE/HIGH",171,0.687,"MALE",2019,70,1221,774,9,1624,2046,2092,116,440,744,3074
500108,"ROCKLAND",26,12.6,37,18,63,30.6,"ELEMENTARY",137,0.665,"FEMALE",2019,362,159,622,2,1063,1116,1146,151,54,270,603
500108,"ROCKLAND",23,11.8,38,19.5,61,31.3,"ELEMENTARY",134,0.687,"MALE",2019,362,159,622,2,1063,1116,1146,151,54,270,603
500108,"ROCKLAND",26,19.7,20,15.2,46,34.8,"MIDDLE/HIGH",86,0.652,"FEMALE",2019,362,159,622,2,1063,1116,1146,151,54,270,603
500108,"ROCKLAND",19,14.7,17,13.2,36,27.9,"MIDDLE/HIGH",87,0.674,"MALE",2019,362,159,622,2,1063,1116,1146,151,54,270,603
500201,"ROCKLAND",146,16.2,167,18.6,313,34.8,"ELEMENTARY",546,0.607,"FEMALE",2019,281,1090,4854,16,1849,4024,4156,1109,90,1183,4464
500201,"ROCKLAND",155,15.8,211,21.6,366,37.4,"ELEMENTARY",572,0.584,"MALE",2019,281,1090,4854,16,1849,4024,4156,1109,90,1183,4464
500201,"ROCKLAND",121,19.7,115,18.7,236,38.4,"MIDDLE/HIGH",366,0.596,"FEMALE",2019,281,1090,4854,16,1849,4024,4156,1109,90,1183,4464
500201,"ROCKLAND",123,18.4,135,20.2,258,38.7,"MIDDLE/HIGH",380,0.57,"MALE",2019,281,1090,4854,16,1849,4024,4156,1109,90,1183,4464
500301,"ROCKLAND",40,15.1,37,14,77,29.1,"ELEMENTARY",181,0.683,"FEMALE",2019,249,58,525,1,2047,1529,1482,146,131,333,456
500301,"ROCKLAND",38,13.7,27,9.7,65,23.4,"ELEMENTARY",202,0.727,"MALE",2019,249,58,525,1,2047,1529,1482,146,131,333,456
500301,"ROCKLAND",43,17.7,28,11.5,71,29.2,"MIDDLE/HIGH",163,0.671,"FEMALE",2019,249,58,525,1,2047,1529,1482,146,131,333,456
500301,"ROCKLAND",46,18,53,20.8,99,38.8,"MIDDLE/HIGH",147,0.576,"MALE",2019,249,58,525,1,2047,1529,1482,146,131,333,456
500308,"ROCKLAND",28,13.7,18,8.8,46,22.4,"ELEMENTARY",154,0.751,"FEMALE",2019,117,36,343,1,1832,1160,1221,83,52,276,338
500308,"ROCKLAND",46,19.5,17,7.2,63,26.7,"ELEMENTARY",166,0.703,"MALE",2019,117,36,343,1,1832,1160,1221,83,52,276,338
500308,"ROCKLAND",28,14.7,13,6.8,41,21.5,"MIDDLE/HIGH",144,0.754,"FEMALE",2019,117,36,343,1,1832,1160,1221,83,52,276,338
500308,"ROCKLAND",35,21.2,21,12.7,56,33.9,"MIDDLE/HIGH",104,0.63,"MALE",2019,117,36,343,1,1832,1160,1221,83,52,276,338
510401,"ST. LAWRENCE",5,13.9,8,22.2,13,36.1,"ELEMENTARY",23,0.639,"FEMALE",2019,4,3,5,2,260,144,139,0,9,57,202
512201,"ST. LAWRENCE",21,19.8,25,23.6,46,43.4,"ELEMENTARY",60,0.566,"FEMALE",2019,6,3,10,6,951,496,491,0,11,130,562
512201,"ST. LAWRENCE",18,16.5,32,29.4,50,45.9,"ELEMENTARY",59,0.541,"MALE",2019,6,3,10,6,951,496,491,0,11,130,562
512201,"ST. LAWRENCE",16,22.9,26,37.1,42,60,"MIDDLE/HIGH",28,0.4,"FEMALE",2019,6,3,10,6,951,496,491,0,11,130,562
512201,"ST. LAWRENCE",9,11.1,33,40.7,42,51.9,"MIDDLE/HIGH",39,0.481,"MALE",2019,6,3,10,6,951,496,491,0,11,130,562
520401,"SARATOGA",20,16.5,18,14.9,38,31.4,"ELEMENTARY",78,0.645,"FEMALE",2019,3,3,18,2,1088,554,589,1,29,121,552
520401,"SARATOGA",20,15.7,18,14.2,38,29.9,"ELEMENTARY",84,0.661,"MALE",2019,3,3,18,2,1088,554,589,1,29,121,552
520401,"SARATOGA",19,22.6,16,19,35,41.7,"MIDDLE/HIGH",49,0.583,"FEMALE",2019,3,3,18,2,1088,554,589,1,29,121,552
520401,"SARATOGA",8,10.3,20,25.6,28,35.9,"MIDDLE/HIGH",50,0.641,"MALE",2019,3,3,18,2,1088,554,589,1,29,121,552
521401,"SARATOGA",74,20.9,42,11.9,116,32.8,"ELEMENTARY",220,0.621,"FEMALE",2019,22,24,116,2,2778,1441,1586,10,85,404,1079
521401,"SARATOGA",65,15.9,60,14.7,125,30.6,"ELEMENTARY",265,0.65,"MALE",2019,22,24,116,2,2778,1441,1586,10,85,404,1079
521401,"SARATOGA",46,22.3,40,19.4,86,41.7,"MIDDLE/HIGH",112,0.544,"FEMALE",2019,22,24,116,2,2778,1441,1586,10,85,404,1079
521401,"SARATOGA",27,13,35,16.9,62,30,"MIDDLE/HIGH",129,0.623,"MALE",2019,22,24,116,2,2778,1441,1586,10,85,404,1079
521800,"SARATOGA",85,13,56,8.6,141,21.6,"ELEMENTARY",485,0.743,"FEMALE",2019,129,106,250,1,5623,3142,3227,67,260,682,1508
521800,"SARATOGA",89,13.4,77,11.6,166,25,"ELEMENTARY",479,0.722,"MALE",2019,129,106,250,1,5623,3142,3227,67,260,682,1508
521800,"SARATOGA",82,17.1,60,12.5,142,29.6,"MIDDLE/HIGH",329,0.685,"FEMALE",2019,129,106,250,1,5623,3142,3227,67,260,682,1508
521800,"SARATOGA",61,13.1,63,13.5,124,26.6,"MIDDLE/HIGH",329,0.704,"MALE",2019,129,106,250,1,5623,3142,3227,67,260,682,1508
530301,"SCHENECTADY",48,13.3,22,6.1,70,19.4,"ELEMENTARY",277,0.769,"FEMALE",2019,694,196,234,10,2946,2056,2230,118,206,459,675
530301,"SCHENECTADY",60,15.2,44,11.2,104,26.4,"ELEMENTARY",281,0.713,"MALE",2019,694,196,234,10,2946,2056,2230,118,206,459,675
530301,"SCHENECTADY",46,17.4,16,6,62,23.4,"MIDDLE/HIGH",197,0.743,"FEMALE",2019,694,196,234,10,2946,2056,2230,118,206,459,675
530301,"SCHENECTADY",36,13.7,28,10.7,64,24.4,"MIDDLE/HIGH",183,0.698,"MALE",2019,694,196,234,10,2946,2056,2230,118,206,459,675
530515,"SCHENECTADY",36,14.4,55,22,91,36.4,"ELEMENTARY",152,0.608,"FEMALE",2019,99,128,248,9,2130,1379,1420,34,185,382,1258
530515,"SCHENECTADY",38,12.7,53,17.7,91,30.4,"ELEMENTARY",195,0.652,"MALE",2019,99,128,248,9,2130,1379,1420,34,185,382,1258
530515,"SCHENECTADY",37,19,54,27.7,91,46.7,"MIDDLE/HIGH",99,0.508,"FEMALE",2019,99,128,248,9,2130,1379,1420,34,185,382,1258
530515,"SCHENECTADY",39,18.7,62,29.7,101,48.3,"MIDDLE/HIGH",103,0.493,"MALE",2019,99,128,248,9,2130,1379,1420,34,185,382,1258
550101,"SCHUYLER",12,14,8,9.3,20,23.3,"ELEMENTARY",66,0.767,"FEMALE",2019,4,2,13,2,746,370,427,0,30,108,394
550101,"SCHUYLER",13,16.3,8,10,21,26.3,"ELEMENTARY",59,0.738,"MALE",2019,4,2,13,2,746,370,427,0,30,108,394
560701,"SENECA",32,32.7,14,14.3,46,46.9,"ELEMENTARY",52,0.531,"FEMALE",2019,27,33,75,21,1016,595,634,12,57,155,622
560701,"SENECA",22,17.2,21,16.4,43,33.6,"ELEMENTARY",79,0.617,"MALE",2019,27,33,75,21,1016,595,634,12,57,155,622
560701,"SENECA",12,14.1,18,21.2,30,35.3,"MIDDLE/HIGH",55,0.647,"FEMALE",2019,27,33,75,21,1016,595,634,12,57,155,622
560701,"SENECA",19,21.8,28,32.2,47,54,"MIDDLE/HIGH",40,0.46,"MALE",2019,27,33,75,21,1016,595,634,12,57,155,622
570302,"STEUBEN",36,20.8,33,19.1,69,39.9,"ELEMENTARY",104,0.601,"FEMALE",2019,3,35,15,1,1485,763,784,2,8,203,842
570302,"STEUBEN",33,16.5,43,21.5,76,38,"ELEMENTARY",117,0.585,"MALE",2019,3,35,15,1,1485,763,784,2,8,203,842
570302,"STEUBEN",17,16.2,27,25.7,44,41.9,"MIDDLE/HIGH",61,0.581,"FEMALE",2019,3,35,15,1,1485,763,784,2,8,203,842
570302,"STEUBEN",15,13.8,38,34.9,53,48.6,"MIDDLE/HIGH",56,0.514,"MALE",2019,3,35,15,1,1485,763,784,2,8,203,842
571800,"STEUBEN",23,14,34,20.7,57,34.8,"ELEMENTARY",101,0.616,"FEMALE",2019,18,63,72,1,1372,817,801,33,92,290,837
571800,"STEUBEN",20,12.4,32,19.9,52,32.3,"ELEMENTARY",101,0.627,"MALE",2019,18,63,72,1,1372,817,801,33,92,290,837
571800,"STEUBEN",21,21.4,21,21.4,42,42.9,"MIDDLE/HIGH",56,0.571,"FEMALE",2019,18,63,72,1,1372,817,801,33,92,290,837
571800,"STEUBEN",27,19,37,26.1,64,45.1,"MIDDLE/HIGH",78,0.549,"MALE",2019,18,63,72,1,1372,817,801,33,92,290,837
571901,"STEUBEN",8,19,7,16.7,15,35.7,"ELEMENTARY",27,0.643,"MALE",2019,6,2,20,2,444,223,253,9,2,55,223
572301,"STEUBEN",6,13.3,14,31.1,20,44.4,"ELEMENTARY",25,0.556,"FEMALE",2019,2,7,4,1,358,197,191,0,16,67,182
572301,"STEUBEN",5,21.7,6,26.1,11,47.8,"MIDDLE/HIGH",12,0.522,"MALE",2019,2,7,4,1,358,197,191,0,16,67,182
572702,"STEUBEN",8,25.8,6,19.4,14,45.2,"ELEMENTARY",17,0.548,"MALE",2019,1,1,3,1,412,195,226,0,3,85,199
572702,"STEUBEN",7,20,5,14.3,12,34.3,"MIDDLE/HIGH",23,0.657,"FEMALE",2019,1,1,3,1,412,195,226,0,3,85,199
580101,"SUFFOLK",12,8.6,16,11.5,28,20.1,"ELEMENTARY",106,0.763,"FEMALE",2019,53,49,236,1,1179,768,786,38,36,197,230
580101,"SUFFOLK",23,14.2,17,10.5,40,24.7,"ELEMENTARY",122,0.753,"MALE",2019,53,49,236,1,1179,768,786,38,36,197,230
580101,"SUFFOLK",32,26.7,17,14.2,49,40.8,"MIDDLE/HIGH",71,0.592,"FEMALE",2019,53,49,236,1,1179,768,786,38,36,197,230
580101,"SUFFOLK",26,21.3,13,10.7,39,32,"MIDDLE/HIGH",76,0.623,"MALE",2019,53,49,236,1,1179,768,786,38,36,197,230
580103,"SUFFOLK",62,14.5,86,20.1,148,34.6,"ELEMENTARY",259,0.605,"FEMALE",2019,271,1085,1402,18,1636,2208,2341,302,137,663,2182
580103,"SUFFOLK",55,13,88,20.8,143,33.7,"ELEMENTARY",262,0.618,"MALE",2019,271,1085,1402,18,1636,2208,2341,302,137,663,2182
580103,"SUFFOLK",56,20.4,67,24.4,123,44.7,"MIDDLE/HIGH",139,0.505,"FEMALE",2019,271,1085,1402,18,1636,2208,2341,302,137,663,2182
580103,"SUFFOLK",46,17.6,66,25.2,112,42.7,"MIDDLE/HIGH",145,0.553,"MALE",2019,271,1085,1402,18,1636,2208,2341,302,137,663,2182
580106,"SUFFOLK",57,16,91,25.6,148,41.6,"ELEMENTARY",193,0.542,"FEMALE",2019,40,1097,1703,22,147,1459,1649,637,99,403,2277
580106,"SUFFOLK",62,15.6,95,23.9,157,39.5,"ELEMENTARY",228,0.574,"MALE",2019,40,1097,1703,22,147,1459,1649,637,99,403,2277
580106,"SUFFOLK",35,19.2,45,24.7,80,44,"MIDDLE/HIGH",92,0.505,"FEMALE",2019,40,1097,1703,22,147,1459,1649,637,99,403,2277
580106,"SUFFOLK",30,15.5,47,24.4,77,39.9,"MIDDLE/HIGH",108,0.56,"MALE",2019,40,1097,1703,22,147,1459,1649,637,99,403,2277
580107,"SUFFOLK",52,14.2,75,20.5,127,34.7,"ELEMENTARY",225,0.615,"FEMALE",2019,550,795,1086,4,1454,1952,2063,262,126,609,1913
580107,"SUFFOLK",49,13.8,72,20.2,121,34,"ELEMENTARY",224,0.629,"MALE",2019,550,795,1086,4,1454,1952,2063,262,126,609,1913
580107,"SUFFOLK",30,16.7,39,21.7,69,38.3,"MIDDLE/HIGH",106,0.589,"FEMALE",2019,550,795,1086,4,1454,1952,2063,262,126,609,1913
580107,"SUFFOLK",40,18.9,43,20.3,83,39.2,"MIDDLE/HIGH",124,0.585,"MALE",2019,550,795,1086,4,1454,1952,2063,262,126,609,1913
580203,"SUFFOLK",49,14.2,76,22,125,36.1,"ELEMENTARY",215,0.621,"FEMALE",2019,105,125,1177,9,2227,1911,1859,264,127,591,1336
580203,"SUFFOLK",43,14.6,55,18.6,98,33.2,"ELEMENTARY",197,0.668,"MALE",2019,105,125,1177,9,2227,1911,1859,264,127,591,1336
580203,"SUFFOLK",36,17.9,44,21.9,80,39.8,"MIDDLE/HIGH",121,0.602,"FEMALE",2019,105,125,1177,9,2227,1911,1859,264,127,591,1336
580203,"SUFFOLK",33,16.5,63,31.5,96,48,"MIDDLE/HIGH",99,0.495,"MALE",2019,105,125,1177,9,2227,1911,1859,264,127,591,1336
580205,"SUFFOLK",212,17,211,16.9,423,33.9,"ELEMENTARY",798,0.639,"FEMALE",2019,771,424,2221,28,8826,6207,6395,343,332,2177,3445
580205,"SUFFOLK",227,17.1,244,18.3,471,35.4,"ELEMENTARY",819,0.616,"MALE",2019,771,424,2221,28,8826,6207,6395,343,332,2177,3445
580205,"SUFFOLK",155,19.3,126,15.7,281,34.9,"MIDDLE/HIGH",503,0.625,"FEMALE",2019,771,424,2221,28,8826,6207,6395,343,332,2177,3445
580205,"SUFFOLK",180,21.8,184,22.2,364,44,"MIDDLE/HIGH",438,0.53,"MALE",2019,771,424,2221,28,8826,6207,6395,343,332,2177,3445
580206,"SUFFOLK",12,11.1,8,7.4,20,18.5,"ELEMENTARY",88,0.815,"FEMALE",2019,91,6,117,2,800,512,540,33,36,178,77
580206,"SUFFOLK",11,11.5,11,11.5,22,22.9,"ELEMENTARY",74,0.771,"MALE",2019,91,6,117,2,800,512,540,33,36,178,77
580206,"SUFFOLK",12,18.2,8,12.1,20,30.3,"MIDDLE/HIGH",46,0.697,"FEMALE",2019,91,6,117,2,800,512,540,33,36,178,77
580206,"SUFFOLK",15,17.4,14,16.3,29,33.7,"MIDDLE/HIGH",57,0.663,"MALE",2019,91,6,117,2,800,512,540,33,36,178,77
580207,"SUFFOLK",29,15,19,9.8,48,24.9,"ELEMENTARY",138,0.715,"FEMALE",2019,131,29,180,1,1796,1039,1128,15,30,299,223
580207,"SUFFOLK",38,15.1,31,12.4,69,27.5,"ELEMENTARY",175,0.697,"MALE",2019,131,29,180,1,1796,1039,1128,15,30,299,223
580207,"SUFFOLK",29,16.9,19,11,48,27.9,"MIDDLE/HIGH",119,0.692,"FEMALE",2019,131,29,180,1,1796,1039,1128,15,30,299,223
580207,"SUFFOLK",31,16.8,22,12,53,28.8,"MIDDLE/HIGH",124,0.674,"MALE",2019,131,29,180,1,1796,1039,1128,15,30,299,223
580211,"SUFFOLK",130,17,105,13.7,235,30.8,"ELEMENTARY",506,0.662,"FEMALE",2019,767,464,2391,3,5665,4645,4911,596,266,1458,3705
580211,"SUFFOLK",119,15.6,136,17.9,255,33.5,"ELEMENTARY",481,0.632,"MALE",2019,767,464,2391,3,5665,4645,4911,596,266,1458,3705
580211,"SUFFOLK",111,18.6,92,15.4,203,34,"MIDDLE/HIGH",361,0.605,"FEMALE",2019,767,464,2391,3,5665,4645,4911,596,266,1458,3705
580211,"SUFFOLK",132,18.5,171,23.9,303,42.4,"MIDDLE/HIGH",363,0.508,"MALE",2019,767,464,2391,3,5665,4645,4911,596,266,1458,3705
580224,"SUFFOLK",127,15.2,160,19.1,287,34.3,"ELEMENTARY",530,0.634,"FEMALE",2019,174,381,3393,12,3368,3672,3905,1003,249,1142,4133
580224,"SUFFOLK",141,15.9,197,22.2,338,38.1,"ELEMENTARY",528,0.595,"MALE",2019,174,381,3393,12,3368,3672,3905,1003,249,1142,4133
580224,"SUFFOLK",103,19.3,142,26.6,245,46,"MIDDLE/HIGH",277,0.52,"FEMALE",2019,174,381,3393,12,3368,3672,3905,1003,249,1142,4133
580224,"SUFFOLK",88,17.2,170,33.3,258,50.5,"MIDDLE/HIGH",245,0.479,"MALE",2019,174,381,3393,12,3368,3672,3905,1003,249,1142,4133
580232,"SUFFOLK",195,20.8,181,19.3,376,40,"ELEMENTARY",537,0.572,"FEMALE",2019,240,1336,3424,40,3702,4507,4710,611,475,1347,5593
580232,"SUFFOLK",194,18.1,285,26.7,479,44.8,"ELEMENTARY",554,0.518,"MALE",2019,240,1336,3424,40,3702,4507,4710,611,475,1347,5593
580232,"SUFFOLK",125,18,199,28.7,324,46.7,"MIDDLE/HIGH",359,0.517,"FEMALE",2019,240,1336,3424,40,3702,4507,4710,611,475,1347,5593
580232,"SUFFOLK",116,17,176,25.8,292,42.9,"MIDDLE/HIGH",367,0.539,"MALE",2019,240,1336,3424,40,3702,4507,4710,611,475,1347,5593
580233,"SUFFOLK",19,13.6,18,12.9,37,26.4,"ELEMENTARY",98,0.7,"FEMALE",2019,21,75,259,59,1149,750,814,87,1,298,363
580233,"SUFFOLK",25,16.2,34,22.1,59,38.3,"ELEMENTARY",95,0.617,"MALE",2019,21,75,259,59,1149,750,814,87,1,298,363
580233,"SUFFOLK",20,13.5,31,20.9,51,34.5,"MIDDLE/HIGH",89,0.601,"FEMALE",2019,21,75,259,59,1149,750,814,87,1,298,363
580233,"SUFFOLK",18,15.8,28,24.6,46,40.4,"MIDDLE/HIGH",58,0.509,"MALE",2019,21,75,259,59,1149,750,814,87,1,298,363
580235,"SUFFOLK",77,18.4,55,13.2,132,31.6,"ELEMENTARY",276,0.66,"FEMALE",2019,75,699,1689,16,1557,2006,2185,0,155,599,2553
580235,"SUFFOLK",88,22.6,54,13.9,142,36.5,"ELEMENTARY",236,0.607,"MALE",2019,75,699,1689,16,1557,2006,2185,0,155,599,2553
580235,"SUFFOLK",55,23.3,41,17.4,96,40.7,"MIDDLE/HIGH",132,0.559,"FEMALE",2019,75,699,1689,16,1557,2006,2185,0,155,599,2553
580235,"SUFFOLK",54,19.1,52,18.4,106,37.6,"MIDDLE/HIGH",167,0.592,"MALE",2019,75,699,1689,16,1557,2006,2185,0,155,599,2553
580404,"SUFFOLK",74,15.4,42,8.8,116,24.2,"ELEMENTARY",354,0.739,"FEMALE",2019,150,39,641,3,4110,2423,2652,167,132,795,797
580404,"SUFFOLK",85,17,63,12.6,148,29.5,"ELEMENTARY",324,0.647,"MALE",2019,150,39,641,3,4110,2423,2652,167,132,795,797
580404,"SUFFOLK",77,18.1,43,10.1,120,28.2,"MIDDLE/HIGH",295,0.694,"FEMALE",2019,150,39,641,3,4110,2423,2652,167,132,795,797
580404,"SUFFOLK",74,17.3,61,14.3,135,31.5,"MIDDLE/HIGH",277,0.647,"MALE",2019,150,39,641,3,4110,2423,2652,167,132,795,797
580405,"SUFFOLK",121,16.5,67,9.1,188,25.6,"ELEMENTARY",520,0.708,"FEMALE",2019,1365,953,998,20,4120,3810,4019,221,373,1464,1670
580405,"SUFFOLK",93,11.9,110,14.1,203,26,"ELEMENTARY",534,0.684,"MALE",2019,1365,953,998,20,4120,3810,4019,221,373,1464,1670
580405,"SUFFOLK",108,18.5,61,10.4,169,28.9,"MIDDLE/HIGH",404,0.692,"FEMALE",2019,1365,953,998,20,4120,3810,4019,221,373,1464,1670
580405,"SUFFOLK",91,14.9,95,15.5,186,30.4,"MIDDLE/HIGH",394,0.645,"MALE",2019,1365,953,998,20,4120,3810,4019,221,373,1464,1670
580406,"SUFFOLK",36,16.7,13,6,49,22.7,"ELEMENTARY",161,0.745,"FEMALE",2019,168,130,435,3,2173,1488,1540,105,119,458,488
580406,"SUFFOLK",39,15.2,23,8.9,62,24.1,"ELEMENTARY",188,0.732,"MALE",2019,168,130,435,3,2173,1488,1540,105,119,458,488
580406,"SUFFOLK",35,14.6,18,7.5,53,22.1,"MIDDLE/HIGH",181,0.754,"FEMALE",2019,168,130,435,3,2173,1488,1540,105,119,458,488
580406,"SUFFOLK",30,13.3,27,11.9,57,25.2,"MIDDLE/HIGH",155,0.686,"MALE",2019,168,130,435,3,2173,1488,1540,105,119,458,488
580502,"SUFFOLK",32,16,39,19.5,71,35.5,"ELEMENTARY",122,0.61,"FEMALE",2019,129,145,804,3,1553,1379,1347,149,92,394,903
580502,"SUFFOLK",30,13,39,17,69,30,"ELEMENTARY",156,0.678,"MALE",2019,129,145,804,3,1553,1379,1347,149,92,394,903
580502,"SUFFOLK",33,14.7,19,8.4,52,23.1,"MIDDLE/HIGH",168,0.747,"FEMALE",2019,129,145,804,3,1553,1379,1347,149,92,394,903
580502,"SUFFOLK",46,18.8,20,8.2,66,26.9,"MIDDLE/HIGH",172,0.702,"MALE",2019,129,145,804,3,1553,1379,1347,149,92,394,903
580503,"SUFFOLK",56,13.9,64,15.9,120,29.8,"ELEMENTARY",275,0.682,"FEMALE",2019,102,81,687,5,2655,1733,1895,77,98,579,872
580503,"SUFFOLK",68,17.3,82,20.9,150,38.3,"ELEMENTARY",226,0.577,"MALE",2019,102,81,687,5,2655,1733,1895,77,98,579,872
580503,"SUFFOLK",47,18.2,27,10.5,74,28.7,"MIDDLE/HIGH",177,0.686,"FEMALE",2019,102,81,687,5,2655,1733,1895,77,98,579,872
580503,"SUFFOLK",59,19.3,58,19,117,38.2,"MIDDLE/HIGH",173,0.565,"MALE",2019,102,81,687,5,2655,1733,1895,77,98,579,872
580506,"SUFFOLK",5,4.9,13,12.7,18,17.6,"ELEMENTARY",51,0.5,"FEMALE",2019,295,115,424,4,2367,1552,1728,109,75,467,565
580506,"SUFFOLK",6,5.8,19,18.3,25,24,"ELEMENTARY",48,0.462,"MALE",2019,295,115,424,4,2367,1552,1728,109,75,467,565
580506,"SUFFOLK",38,21,20,11,58,32,"MIDDLE/HIGH",118,0.652,"FEMALE",2019,295,115,424,4,2367,1552,1728,109,75,467,565
580506,"SUFFOLK",23,11.7,28,14.3,51,26,"MIDDLE/HIGH",137,0.699,"MALE",2019,295,115,424,4,2367,1552,1728,109,75,467,565
580509,"SUFFOLK",49,13.9,54,15.3,103,29.2,"ELEMENTARY",241,0.683,"FEMALE",2019,77,15,506,2,3395,1951,2154,26,110,638,652
580509,"SUFFOLK",69,17.1,68,16.9,137,34,"ELEMENTARY",259,0.643,"MALE",2019,77,15,506,2,3395,1951,2154,26,110,638,652
580509,"SUFFOLK",60,19,50,15.9,110,34.9,"MIDDLE/HIGH",200,0.635,"FEMALE",2019,77,15,506,2,3395,1951,2154,26,110,638,652
580509,"SUFFOLK",49,16,53,17.3,102,33.3,"MIDDLE/HIGH",198,0.647,"MALE",2019,77,15,506,2,3395,1951,2154,26,110,638,652
580602,"SUFFOLK",103,19.6,110,20.9,213,40.5,"ELEMENTARY",306,0.582,"FEMALE",2019,69,565,3341,8,1983,2928,3143,0,105,841,0
580602,"SUFFOLK",94,18.7,146,29.1,240,47.8,"ELEMENTARY",252,0.502,"MALE",2019,69,565,3341,8,1983,2928,3143,0,105,841,0
580602,"SUFFOLK",67,18.6,69,19.1,136,37.7,"MIDDLE/HIGH",225,0.623,"FEMALE",2019,69,565,3341,8,1983,2928,3143,0,105,841,0
580602,"SUFFOLK",77,20.4,85,22.5,162,43,"MIDDLE/HIGH",205,0.544,"MALE",2019,69,565,3341,8,1983,2928,3143,0,105,841,0
580801,"SUFFOLK",74,12.8,78,13.5,152,26.3,"ELEMENTARY",405,0.701,"FEMALE",2019,515,118,832,14,6747,4174,4220,134,168,1281,843
580801,"SUFFOLK",81,14,86,14.8,167,28.8,"ELEMENTARY",398,0.686,"MALE",2019,515,118,832,14,6747,4174,4220,134,168,1281,843
580801,"SUFFOLK",99,18.4,59,11,158,29.4,"MIDDLE/HIGH",361,0.672,"FEMALE",2019,515,118,832,14,6747,4174,4220,134,168,1281,843
580801,"SUFFOLK",89,16,82,14.8,171,30.8,"MIDDLE/HIGH",364,0.656,"MALE",2019,515,118,832,14,6747,4174,4220,134,168,1281,843
580913,"SUFFOLK",15,28.8,5,9.6,20,38.5,"ELEMENTARY",32,0.615,"FEMALE",2019,8,9,165,7,68,139,128,0,10,32,0
580913,"SUFFOLK",25,62.5,5,12.5,30,75,"ELEMENTARY",10,0.25,"MALE",2019,8,9,165,7,68,139,128,0,10,32,0
590501,"SULLIVAN",22,16.4,26,19.4,48,35.8,"ELEMENTARY",86,0.642,"FEMALE",2019,22,128,789,7,416,737,707,273,82,192,999
590501,"SULLIVAN",22,16.1,36,26.3,58,42.3,"ELEMENTARY",79,0.577,"MALE",2019,22,128,789,7,416,737,707,273,82,192,999
590501,"SULLIVAN",8,14.3,14,25,22,39.3,"MIDDLE/HIGH",34,0.607,"FEMALE",2019,22,128,789,7,416,737,707,273,82,192,999
590501,"SULLIVAN",9,15.3,17,28.8,26,44.1,"MIDDLE/HIGH",33,0.559,"MALE",2019,22,128,789,7,416,737,707,273,82,192,999
590801,"SULLIVAN",5,7.6,7,10.6,12,18.2,"ELEMENTARY",49,0.742,"FEMALE",2019,2,3,50,2,413,249,233,1,12,44,222
590801,"SULLIVAN",9,14.1,7,10.9,16,25,"ELEMENTARY",48,0.75,"MALE",2019,2,3,50,2,413,249,233,1,12,44,222
590801,"SULLIVAN",14,28.6,10,20.4,24,49,"MIDDLE/HIGH",25,0.51,"FEMALE",2019,2,3,50,2,413,249,233,1,12,44,222
590801,"SULLIVAN",5,13.9,9,25,14,38.9,"MIDDLE/HIGH",22,0.611,"MALE",2019,2,3,50,2,413,249,233,1,12,44,222
591502,"SULLIVAN",29,21.5,19,14.1,48,35.6,"ELEMENTARY",87,0.644,"FEMALE",2019,10,8,103,3,907,507,561,13,37,142,409
591502,"SULLIVAN",19,14.1,17,12.6,36,26.7,"ELEMENTARY",99,0.733,"MALE",2019,10,8,103,3,907,507,561,13,37,142,409
591502,"SULLIVAN",12,16.2,24,32.4,36,48.6,"MIDDLE/HIGH",38,0.514,"FEMALE",2019,10,8,103,3,907,507,561,13,37,142,409
591502,"SULLIVAN",16,17.2,39,41.9,55,59.1,"MIDDLE/HIGH",38,0.409,"MALE",2019,10,8,103,3,907,507,561,13,37,142,409
600101,"TIOGA",12,16.9,13,18.3,25,35.2,"ELEMENTARY",41,0.577,"FEMALE",2019,14,12,19,1,1429,758,743,1,26,211,739
600101,"TIOGA",17,18.3,13,14,30,32.3,"ELEMENTARY",63,0.677,"MALE",2019,14,12,19,1,1429,758,743,1,26,211,739
600101,"TIOGA",26,25.5,24,23.5,50,49,"MIDDLE/HIGH",52,0.51,"FEMALE",2019,14,12,19,1,1429,758,743,1,26,211,739
600101,"TIOGA",16,16,30,30,46,46,"MIDDLE/HIGH",54,0.54,"MALE",2019,14,12,19,1,1429,758,743,1,26,211,739
600301,"TIOGA",10,14.5,15,21.7,25,36.2,"ELEMENTARY",44,0.638,"FEMALE",2019,3,6,20,1,703,376,380,1,23,112,444
600301,"TIOGA",7,9.3,16,21.3,23,30.7,"ELEMENTARY",52,0.693,"MALE",2019,3,6,20,1,703,376,380,1,23,112,444
600801,"TIOGA",12,14.5,14,16.9,26,31.3,"ELEMENTARY",57,0.687,"FEMALE",2019,7,8,14,4,857,445,456,1,11,138,524
600801,"TIOGA",11,12.1,21,23.1,32,35.2,"ELEMENTARY",59,0.648,"MALE",2019,7,8,14,4,857,445,456,1,11,138,524
600801,"TIOGA",6,11.5,11,21.2,17,32.7,"MIDDLE/HIGH",35,0.673,"FEMALE",2019,7,8,14,4,857,445,456,1,11,138,524
600801,"TIOGA",11,32.4,9,26.5,20,58.8,"MIDDLE/HIGH",14,0.412,"MALE",2019,7,8,14,4,857,445,456,1,11,138,524
610501,"TOMPKINS",15,18.5,11,13.6,26,32.1,"ELEMENTARY",55,0.679,"FEMALE",2019,5,17,25,1,772,428,424,4,32,109,357
610501,"TOMPKINS",13,18.3,17,23.9,30,42.3,"ELEMENTARY",41,0.577,"MALE",2019,5,17,25,1,772,428,424,4,32,109,357
610501,"TOMPKINS",11,22.4,7,14.3,18,36.7,"MIDDLE/HIGH",31,0.633,"FEMALE",2019,5,17,25,1,772,428,424,4,32,109,357
610501,"TOMPKINS",5,9.3,13,24.1,18,33.3,"MIDDLE/HIGH",36,0.667,"MALE",2019,5,17,25,1,772,428,424,4,32,109,357
610600,"TOMPKINS",78,12.6,76,12.3,154,24.9,"ELEMENTARY",450,0.728,"FEMALE",2019,547,402,406,17,3365,2574,2693,210,530,715,1877
610600,"TOMPKINS",74,12,70,11.3,144,23.3,"ELEMENTARY",455,0.735,"MALE",2019,547,402,406,17,3365,2574,2693,210,530,715,1877
610600,"TOMPKINS",43,12.5,42,12.2,85,24.6,"MIDDLE/HIGH",251,0.728,"FEMALE",2019,547,402,406,17,3365,2574,2693,210,530,715,1877
610600,"TOMPKINS",43,12.6,43,12.6,86,25.2,"MIDDLE/HIGH",244,0.716,"MALE",2019,547,402,406,17,3365,2574,2693,210,530,715,1877
610801,"TOMPKINS",11,8.7,12,9.4,23,18.1,"ELEMENTARY",104,0.819,"FEMALE",2019,46,11,45,4,952,585,602,21,129,131,342
610801,"TOMPKINS",24,19.2,10,8,34,27.2,"ELEMENTARY",85,0.68,"MALE",2019,46,11,45,4,952,585,602,21,129,131,342
610801,"TOMPKINS",10,16.9,11,18.6,21,35.6,"MIDDLE/HIGH",38,0.644,"FEMALE",2019,46,11,45,4,952,585,602,21,129,131,342
610801,"TOMPKINS",16,17.8,14,15.6,30,33.3,"MIDDLE/HIGH",55,0.611,"MALE",2019,46,11,45,4,952,585,602,21,129,131,342
620600,"ULSTER",115,16.1,139,19.4,254,35.5,"ELEMENTARY",445,0.622,"FEMALE",2019,169,795,1611,6,3422,3282,3314,506,593,1326,3635
620600,"ULSTER",119,17,158,22.6,277,39.7,"ELEMENTARY",403,0.577,"MALE",2019,169,795,1611,6,3422,3282,3314,506,593,1326,3635
620600,"ULSTER",83,22,103,27.3,186,49.3,"MIDDLE/HIGH",186,0.493,"FEMALE",2019,169,795,1611,6,3422,3282,3314,506,593,1326,3635
620600,"ULSTER",61,16.4,103,27.7,164,44.1,"MIDDLE/HIGH",208,0.559,"MALE",2019,169,795,1611,6,3422,3282,3314,506,593,1326,3635
620803,"ULSTER",29,17,27,15.8,56,32.7,"ELEMENTARY",115,0.673,"FEMALE",2019,69,107,249,3,1163,827,840,14,76,226,665
620803,"ULSTER",25,13.8,33,18.2,58,32,"ELEMENTARY",118,0.652,"MALE",2019,69,107,249,3,1163,827,840,14,76,226,665
620803,"ULSTER",18,17.8,18,17.8,36,35.6,"MIDDLE/HIGH",65,0.644,"FEMALE",2019,69,107,249,3,1163,827,840,14,76,226,665
620803,"ULSTER",22,17.9,26,21.1,48,39,"MIDDLE/HIGH",68,0.553,"MALE",2019,69,107,249,3,1163,827,840,14,76,226,665
621101,"ULSTER",37,20.4,19,10.5,56,30.9,"ELEMENTARY",125,0.691,"FEMALE",2019,61,90,264,2,1532,1001,1034,48,86,313,557
621101,"ULSTER",29,15.8,34,18.6,63,34.4,"ELEMENTARY",115,0.628,"MALE",2019,61,90,264,2,1532,1001,1034,48,86,313,557
621101,"ULSTER",22,14.9,16,10.8,38,25.7,"MIDDLE/HIGH",110,0.743,"FEMALE",2019,61,90,264,2,1532,1001,1034,48,86,313,557
621101,"ULSTER",31,19.3,29,18,60,37.3,"MIDDLE/HIGH",101,0.627,"MALE",2019,61,90,264,2,1532,1001,1034,48,86,313,557
621801,"ULSTER",43,14.9,51,17.6,94,32.5,"ELEMENTARY",183,0.633,"FEMALE",2019,32,179,698,2,1847,1349,1482,64,73,387,991
621801,"ULSTER",49,16.9,58,20,107,36.9,"ELEMENTARY",183,0.631,"MALE",2019,32,179,698,2,1847,1349,1482,64,73,387,991
621801,"ULSTER",47,19.3,55,22.6,102,42,"MIDDLE/HIGH",135,0.556,"FEMALE",2019,32,179,698,2,1847,1349,1482,64,73,387,991
621801,"ULSTER",47,19.2,62,25.3,109,44.5,"MIDDLE/HIGH",129,0.527,"MALE",2019,32,179,698,2,1847,1349,1482,64,73,387,991
630300,"WARREN",37,15.8,40,17.1,77,32.9,"ELEMENTARY",157,0.671,"FEMALE",2019,25,37,107,2,1777,1003,1070,3,125,368,959
630300,"WARREN",33,17.1,40,20.7,73,37.8,"ELEMENTARY",114,0.591,"MALE",2019,25,37,107,2,1777,1003,1070,3,125,368,959
630300,"WARREN",29,19,24,15.7,53,34.6,"MIDDLE/HIGH",94,0.614,"FEMALE",2019,25,37,107,2,1777,1003,1070,3,125,368,959
630300,"WARREN",16,12.2,28,21.4,44,33.6,"MIDDLE/HIGH",87,0.664,"MALE",2019,25,37,107,2,1777,1003,1070,3,125,368,959
630902,"WARREN",58,19,43,14.1,101,33.1,"ELEMENTARY",192,0.63,"FEMALE",2019,44,33,82,1,2916,1516,1620,14,60,490,1152
630902,"WARREN",49,13.8,58,16.3,107,30.1,"ELEMENTARY",232,0.654,"MALE",2019,44,33,82,1,2916,1516,1620,14,60,490,1152
630902,"WARREN",41,17.8,30,13,71,30.9,"MIDDLE/HIGH",152,0.661,"FEMALE",2019,44,33,82,1,2916,1516,1620,14,60,490,1152
630902,"WARREN",40,17.2,39,16.7,79,33.9,"MIDDLE/HIGH",147,0.631,"MALE",2019,44,33,82,1,2916,1516,1620,14,60,490,1152
640701,"WASHINGTON",14,17.3,15,18.5,29,35.8,"ELEMENTARY",47,0.58,"FEMALE",2019,4,14,10,2,1014,502,570,0,28,187,483
640701,"WASHINGTON",20,23.8,25,29.8,45,53.6,"ELEMENTARY",39,0.464,"MALE",2019,4,14,10,2,1014,502,570,0,28,187,483
640701,"WASHINGTON",5,9.3,9,16.7,14,25.9,"MIDDLE/HIGH",40,0.741,"FEMALE",2019,4,14,10,2,1014,502,570,0,28,187,483
640701,"WASHINGTON",12,18.8,18,28.1,30,46.9,"MIDDLE/HIGH",34,0.531,"MALE",2019,4,14,10,2,1014,502,570,0,28,187,483
641301,"WASHINGTON",59,20,54,18.3,113,38.3,"ELEMENTARY",171,0.58,"FEMALE",2019,14,24,76,4,2146,1181,1202,6,119,488,999
641301,"WASHINGTON",46,15.6,67,22.7,113,38.3,"ELEMENTARY",175,0.593,"MALE",2019,14,24,76,4,2146,1181,1202,6,119,488,999
641301,"WASHINGTON",30,21,39,27.3,69,48.3,"MIDDLE/HIGH",74,0.517,"FEMALE",2019,14,24,76,4,2146,1181,1202,6,119,488,999
641301,"WASHINGTON",30,20.5,48,32.9,78,53.4,"MIDDLE/HIGH",63,0.432,"MALE",2019,14,24,76,4,2146,1181,1202,6,119,488,999
650901,"WAYNE",29,20.7,10,7.1,39,27.9,"ELEMENTARY",96,0.686,"FEMALE",2019,6,16,65,4,1726,899,969,11,51,231,819
650901,"WAYNE",22,16.5,17,12.8,39,29.3,"ELEMENTARY",88,0.662,"MALE",2019,6,16,65,4,1726,899,969,11,51,231,819
650901,"WAYNE",5,10.2,9,18.4,14,28.6,"MIDDLE/HIGH",35,0.714,"MALE",2019,6,16,65,4,1726,899,969,11,51,231,819
651503,"WAYNE",8,10.5,14,18.4,22,28.9,"ELEMENTARY",54,0.711,"FEMALE",2019,6,8,17,2,784,378,446,5,7,150,423
651503,"WAYNE",7,8.5,16,19.5,23,28,"ELEMENTARY",59,0.72,"MALE",2019,6,8,17,2,784,378,446,5,7,150,423
651503,"WAYNE",10,20.4,17,34.7,27,55.1,"MIDDLE/HIGH",22,0.449,"FEMALE",2019,6,8,17,2,784,378,446,5,7,150,423
651503,"WAYNE",13,23.2,16,28.6,29,51.8,"MIDDLE/HIGH",27,0.482,"MALE",2019,6,8,17,2,784,378,446,5,7,150,423
660202,"WESTCHESTER",25,15.2,18,11,43,26.2,"ELEMENTARY",121,0.738,"FEMALE",2019,107,30,268,1,1130,764,820,28,48,217,190
660202,"WESTCHESTER",29,15.3,18,9.5,47,24.7,"ELEMENTARY",143,0.753,"MALE",2019,107,30,268,1,1130,764,820,28,48,217,190
660202,"WESTCHESTER",22,19,7,6,29,25,"MIDDLE/HIGH",87,0.75,"FEMALE",2019,107,30,268,1,1130,764,820,28,48,217,190
660202,"WESTCHESTER",18,16.1,16,14.3,34,30.4,"MIDDLE/HIGH",78,0.696,"MALE",2019,107,30,268,1,1130,764,820,28,48,217,190
660203,"WESTCHESTER",39,17.4,37,16.5,76,33.9,"ELEMENTARY",148,0.661,"FEMALE",2019,73,131,687,2,1266,1122,1146,67,109,335,688
660203,"WESTCHESTER",46,17.6,37,14.2,83,31.8,"ELEMENTARY",164,0.628,"MALE",2019,73,131,687,2,1266,1122,1146,67,109,335,688
660203,"WESTCHESTER",30,15.1,32,16.1,62,31.2,"MIDDLE/HIGH",132,0.663,"FEMALE",2019,73,131,687,2,1266,1122,1146,67,109,335,688
660203,"WESTCHESTER",33,15.6,39,18.4,72,34,"MIDDLE/HIGH",134,0.632,"MALE",2019,73,131,687,2,1266,1122,1146,67,109,335,688
660402,"WESTCHESTER",21,13.8,11,7.2,32,21.1,"ELEMENTARY",120,0.789,"FEMALE",2019,196,94,167,2,1215,841,940,23,107,186,160
660402,"WESTCHESTER",31,18.1,11,6.4,42,24.6,"ELEMENTARY",129,0.754,"MALE",2019,196,94,167,2,1215,841,940,23,107,186,160
660402,"WESTCHESTER",16,13.7,9,7.7,25,21.4,"MIDDLE/HIGH",92,0.786,"FEMALE",2019,196,94,167,2,1215,841,940,23,107,186,160
660402,"WESTCHESTER",17,14.5,16,13.7,33,28.2,"MIDDLE/HIGH",84,0.718,"MALE",2019,196,94,167,2,1215,841,940,23,107,186,160
660405,"WESTCHESTER",30,12.3,21,8.6,51,21,"ELEMENTARY",171,0.704,"FEMALE",2019,484,90,299,1,1336,1068,1258,44,116,273,219
660405,"WESTCHESTER",29,10.5,23,8.4,52,18.9,"ELEMENTARY",208,0.756,"MALE",2019,484,90,299,1,1336,1068,1258,44,116,273,219
660405,"WESTCHESTER",16,11.9,15,11.1,31,23,"MIDDLE/HIGH",98,0.726,"FEMALE",2019,484,90,299,1,1336,1068,1258,44,116,273,219
660405,"WESTCHESTER",27,15.5,26,14.9,53,30.5,"MIDDLE/HIGH",115,0.661,"MALE",2019,484,90,299,1,1336,1068,1258,44,116,273,219
660407,"WESTCHESTER",43,18.1,32,13.5,75,31.6,"ELEMENTARY",157,0.662,"FEMALE",2019,109,622,745,2,212,838,880,90,28,281,962
660407,"WESTCHESTER",48,18.3,45,17.2,93,35.5,"ELEMENTARY",160,0.611,"MALE",2019,109,622,745,2,212,838,880,90,28,281,962
660407,"WESTCHESTER",11,20,16,29.1,27,49.1,"MIDDLE/HIGH",28,0.509,"FEMALE",2019,109,622,745,2,212,838,880,90,28,281,962
660407,"WESTCHESTER",13,18.6,24,34.3,37,52.9,"MIDDLE/HIGH",33,0.471,"MALE",2019,109,622,745,2,212,838,880,90,28,281,962
660501,"WESTCHESTER",55,12.8,54,12.6,109,25.3,"ELEMENTARY",296,0.688,"FEMALE",2019,445,78,661,2,2348,1821,1801,315,88,465,698
660501,"WESTCHESTER",53,12.4,51,11.9,104,24.2,"ELEMENTARY",307,0.716,"MALE",2019,445,78,661,2,2348,1821,1801,315,88,465,698
660501,"WESTCHESTER",47,18.7,24,9.6,71,28.3,"MIDDLE/HIGH",172,0.685,"FEMALE",2019,445,78,661,2,2348,1821,1801,315,88,465,698
660501,"WESTCHESTER",27,11.7,39,17,66,28.7,"MIDDLE/HIGH",157,0.683,"MALE",2019,445,78,661,2,2348,1821,1801,315,88,465,698
660801,"WESTCHESTER",30,15.7,18,9.4,48,25.1,"ELEMENTARY",137,0.717,"FEMALE",2019,86,8,271,1,1508,907,996,48,29,309,195
660801,"WESTCHESTER",31,12.1,31,12.1,62,24.2,"ELEMENTARY",186,0.727,"MALE",2019,86,8,271,1,1508,907,996,48,29,309,195
660801,"WESTCHESTER",20,16.3,15,12.2,35,28.5,"MIDDLE/HIGH",88,0.715,"FEMALE",2019,86,8,271,1,1508,907,996,48,29,309,195
660801,"WESTCHESTER",20,15.2,24,18.2,44,33.3,"MIDDLE/HIGH",88,0.667,"MALE",2019,86,8,271,1,1508,907,996,48,29,309,195
660805,"WESTCHESTER",27,18.9,21,14.7,48,33.6,"ELEMENTARY",95,0.664,"FEMALE",2019,91,103,379,3,749,681,706,55,62,168,235
660805,"WESTCHESTER",20,13.2,18,11.8,38,25,"ELEMENTARY",114,0.75,"MALE",2019,91,103,379,3,749,681,706,55,62,168,235
660805,"WESTCHESTER",27,25.2,13,12.1,40,37.4,"MIDDLE/HIGH",67,0.626,"FEMALE",2019,91,103,379,3,749,681,706,55,62,168,235
660805,"WESTCHESTER",18,18.2,14,14.1,32,32.3,"MIDDLE/HIGH",59,0.596,"MALE",2019,91,103,379,3,749,681,706,55,62,168,235
660809,"WESTCHESTER",16,11,12,8.2,28,19.2,"ELEMENTARY",111,0.76,"FEMALE",2019,89,38,219,1,1283,818,877,41,65,315,223
660809,"WESTCHESTER",15,9.4,19,11.9,34,21.3,"ELEMENTARY",114,0.713,"MALE",2019,89,38,219,1,1283,818,877,41,65,315,223
660809,"WESTCHESTER",17,17,5,5,22,22,"MIDDLE/HIGH",78,0.78,"FEMALE",2019,89,38,219,1,1283,818,877,41,65,315,223
660809,"WESTCHESTER",18,14.1,15,11.7,33,25.8,"MIDDLE/HIGH",90,0.703,"MALE",2019,89,38,219,1,1283,818,877,41,65,315,223
660900,"WESTCHESTER",80,15.7,87,17,167,32.7,"ELEMENTARY",308,0.603,"FEMALE",2019,138,5307,1964,14,364,3866,4015,577,94,1264,5474
660900,"WESTCHESTER",71,15.1,90,19.1,161,34.2,"ELEMENTARY",281,0.597,"MALE",2019,138,5307,1964,14,364,3866,4015,577,94,1264,5474
660900,"WESTCHESTER",29,10.4,41,14.7,70,25.1,"MIDDLE/HIGH",203,0.728,"FEMALE",2019,138,5307,1964,14,364,3866,4015,577,94,1264,5474
660900,"WESTCHESTER",36,11.8,39,12.8,75,24.6,"MIDDLE/HIGH",221,0.725,"MALE",2019,138,5307,1964,14,364,3866,4015,577,94,1264,5474
661100,"WESTCHESTER",134,15.7,142,16.6,276,32.3,"ELEMENTARY",535,0.626,"FEMALE",2019,506,2144,5266,13,2697,5136,5630,1279,140,1529,5870
661100,"WESTCHESTER",133,14.3,165,17.8,298,32.1,"ELEMENTARY",591,0.636,"MALE",2019,506,2144,5266,13,2697,5136,5630,1279,140,1529,5870
661100,"WESTCHESTER",104,17.2,118,19.5,222,36.6,"MIDDLE/HIGH",372,0.614,"FEMALE",2019,506,2144,5266,13,2697,5136,5630,1279,140,1529,5870
661100,"WESTCHESTER",103,14.5,177,25,280,39.5,"MIDDLE/HIGH",408,0.576,"MALE",2019,506,2144,5266,13,2697,5136,5630,1279,140,1529,5870
661301,"WESTCHESTER",18,17.5,16,15.5,34,33,"ELEMENTARY",69,0.67,"FEMALE",2019,31,16,186,1,775,523,523,28,37,161,195
661301,"WESTCHESTER",11,10.7,14,13.6,25,24.3,"ELEMENTARY",78,0.757,"MALE",2019,31,16,186,1,775,523,523,28,37,161,195
661301,"WESTCHESTER",11,17.2,7,10.9,18,28.1,"MIDDLE/HIGH",46,0.719,"FEMALE",2019,31,16,186,1,775,523,523,28,37,161,195
661301,"WESTCHESTER",13,24.1,8,14.8,21,38.9,"MIDDLE/HIGH",33,0.611,"MALE",2019,31,16,186,1,775,523,523,28,37,161,195
661601,"WESTCHESTER",29,12.9,14,6.2,43,19.1,"ELEMENTARY",182,0.809,"FEMALE",2019,167,150,478,1,1902,1398,1515,22,215,291,314
661601,"WESTCHESTER",22,8.4,21,8,43,16.5,"ELEMENTARY",213,0.816,"MALE",2019,167,150,478,1,1902,1398,1515,22,215,291,314
661601,"WESTCHESTER",13,9,13,9,26,17.9,"MIDDLE/HIGH",119,0.821,"FEMALE",2019,167,150,478,1,1902,1398,1515,22,215,291,314
661601,"WESTCHESTER",18,12.2,21,14.2,39,26.4,"MIDDLE/HIGH",103,0.696,"MALE",2019,167,150,478,1,1902,1398,1515,22,215,291,314
661901,"WESTCHESTER",13,8.8,13,8.8,26,17.6,"ELEMENTARY",111,0.75,"FEMALE",2019,130,44,323,1,983,763,809,80,91,151,219
661901,"WESTCHESTER",13,7.7,14,8.3,27,16,"ELEMENTARY",142,0.84,"MALE",2019,130,44,323,1,983,763,809,80,91,151,219
661901,"WESTCHESTER",8,8.5,7,7.4,15,16,"MIDDLE/HIGH",79,0.84,"FEMALE",2019,130,44,323,1,983,763,809,80,91,151,219
661901,"WESTCHESTER",16,13,14,11.4,30,24.4,"MIDDLE/HIGH",93,0.756,"MALE",2019,130,44,323,1,983,763,809,80,91,151,219
662001,"WESTCHESTER",77,15.9,15,3.1,92,19,"ELEMENTARY",367,0.76,"FEMALE",2019,1024,52,334,3,3022,2297,2448,86,310,455,0
662001,"WESTCHESTER",44,9.4,20,4.3,64,13.6,"ELEMENTARY",383,0.817,"MALE",2019,1024,52,334,3,3022,2297,2448,86,310,455,0
662001,"WESTCHESTER",37,11.1,17,5.1,54,16.2,"MIDDLE/HIGH",262,0.787,"FEMALE",2019,1024,52,334,3,3022,2297,2448,86,310,455,0
662001,"WESTCHESTER",46,13.1,18,5.1,64,18.3,"MIDDLE/HIGH",277,0.791,"MALE",2019,1024,52,334,3,3022,2297,2448,86,310,455,0
662101,"WESTCHESTER",23,18.4,8,6.4,31,24.8,"ELEMENTARY",89,0.712,"FEMALE",2019,101,32,293,1,2384,1400,1466,35,55,481,305
662101,"WESTCHESTER",21,15,13,9.3,34,24.3,"ELEMENTARY",96,0.686,"MALE",2019,101,32,293,1,2384,1400,1466,35,55,481,305
662101,"WESTCHESTER",17,12.7,13,9.7,30,22.4,"MIDDLE/HIGH",104,0.776,"FEMALE",2019,101,32,293,1,2384,1400,1466,35,55,481,305
662101,"WESTCHESTER",18,11.8,20,13.2,38,25,"MIDDLE/HIGH",107,0.704,"MALE",2019,101,32,293,1,2384,1400,1466,35,55,481,305
670401,"WYOMING",10,13.5,15,20.3,25,33.8,"ELEMENTARY",49,0.662,"FEMALE",2019,5,6,20,3,899,455,481,3,3,112,422
670401,"WYOMING",13,12.7,15,14.7,28,27.5,"ELEMENTARY",74,0.725,"MALE",2019,5,6,20,3,899,455,481,3,3,112,422
670401,"WYOMING",12,22.2,10,18.5,22,40.7,"MIDDLE/HIGH",32,0.593,"FEMALE",2019,5,6,20,3,899,455,481,3,3,112,422
670401,"WYOMING",13,25.5,9,17.6,22,43.1,"MIDDLE/HIGH",29,0.569,"MALE",2019,5,6,20,3,899,455,481,3,3,112,422
671501,"WYOMING",21,25.3,9,10.8,30,36.1,"ELEMENTARY",53,0.639,"FEMALE",2019,9,7,30,1,799,457,415,8,26,87,415
671501,"WYOMING",17,19.5,11,12.6,28,32.2,"ELEMENTARY",59,0.678,"MALE",2019,9,7,30,1,799,457,415,8,26,87,415
671501,"WYOMING",6,9.5,16,25.4,22,34.9,"MIDDLE/HIGH",41,0.651,"FEMALE",2019,9,7,30,1,799,457,415,8,26,87,415
671501,"WYOMING",9,17.6,17,33.3,26,51,"MIDDLE/HIGH",25,0.49,"MALE",2019,9,7,30,1,799,457,415,8,26,87,415
680801,"YATES",12,17.9,17,25.4,29,43.3,"ELEMENTARY",38,0.567,"FEMALE",2019,1,3,27,1,621,317,359,0,23,140,384
680801,"YATES",14,19.2,17,23.3,31,42.5,"ELEMENTARY",42,0.575,"MALE",2019,1,3,27,1,621,317,359,0,23,140,384
680801,"YATES",7,16.3,7,16.3,14,32.6,"MIDDLE/HIGH",29,0.674,"FEMALE",2019,1,3,27,1,621,317,359,0,23,140,384
680801,"YATES",8,17,14,29.8,22,46.8,"MIDDLE/HIGH",25,0.532,"MALE",2019,1,3,27,1,621,317,359,0,23,140,384
